num,t,area_osc,Peak.us,FT.1,FT.3,FT.5,FT.7,FT.9,Tag.Mpa,sid,fname
0,30,304.8271406,36.23760915,0.000542724,0.003427571,0.001337289,0.001436367,0.000421247,19.89,0,070221-box2_pair 4 C 12cm.csv
1,42,373.4869401,34.97241551,0.000583816,0.003857416,0.001608138,0.001651801,0.000654445,23.93,0,070221-box2_pair 4 C 12cm.csv
2,50,359.5492291,34.48848697,0.000588035,0.003586358,0.001755253,0.001888119,0.000749434,25.755,0,070221-box2_pair 4 C 12cm.csv
3,66,400.2186804,33.88702095,0.000558869,0.00397316,0.001692148,0.002029712,0.000970648,30.09,0,070221-box2_pair 4 C 12cm.csv
4,120,448.345157,32.98069138,0.000555698,0.004179733,0.001931019,0.002558501,0.001346443,33.965,0,070221-box2_pair 4 C 12cm.csv
5,168,454.9158818,32.80980432,0.000551585,0.004102218,0.001915428,0.002519336,0.001384674,36.31333333,0,070221-box2_pair 4 C 12cm.csv
6,240,466.0506303,32.57224463,0.000576991,0.003903702,0.002365091,0.002497726,0.001434467,38.995,0,070221-box2_pair 4 C 12cm.csv
7,336,506.852832,32.44116117,0.000537858,0.004425386,0.00244436,0.00321594,0.00161047,41.045,0,070221-box2_pair 4 C 12cm.csv
8,552,558.7947723,32.25809137,0.000542494,0.004918863,0.002418125,0.003809987,0.001572602,39.795,0,070221-box2_pair 4 C 12cm.csv
9,30,352.8890452,29.77847336,0.000703596,0.003717999,0.001918032,0.001283485,0.000369295,19.89,1,070221-box1_pair2 C.csv
10,42,379.2018644,28.69233201,0.000694679,0.003703512,0.002083978,0.001657577,0.000530429,23.93,1,070221-box1_pair2 C.csv
11,50,385.8552035,28.2929686,0.000712766,0.003628455,0.002039156,0.001546657,0.000652082,25.755,1,070221-box1_pair2 C.csv
12,66,372.8410097,27.81725168,0.000785635,0.003199944,0.002030661,0.001683633,0.001002803,30.09,1,070221-box1_pair2 C.csv
13,120,391.229674,27.03171916,0.000852793,0.00320609,0.002038412,0.002086364,0.001020307,33.965,1,070221-box1_pair2 C.csv
14,240,388.928603,26.59404604,0.00076796,0.003176116,0.002413129,0.002000039,0.000846029,38.995,1,070221-box1_pair2 C.csv
15,336,390.3013679,26.43988903,0.00067733,0.002778024,0.002269762,0.002066292,0.000805006,41.045,1,070221-box1_pair2 C.csv
16,552,416.2068271,26.30330474,0.000650124,0.002972586,0.002254266,0.002489719,0.000966779,39.795,1,070221-box1_pair2 C.csv
17,26,380.9759576,32.15505999,0.004129378,0.036719528,0.028249635,0.010103852,0.002421356,17.555,2,260121-box1_pair 2.csv
18,42,432.2630923,30.19171885,0.004126407,0.041764613,0.027017224,0.014385349,0.005237474,23.99,2,260121-box1_pair 2.csv
19,50,452.1775298,29.7057819,0.004345515,0.044261249,0.025395074,0.01650226,0.005386958,25.79,2,260121-box1_pair 2.csv
20,65,475.4390906,29.19301033,0.004452892,0.048361627,0.024196525,0.020950283,0.005965073,30.97,2,260121-box1_pair 2.csv
21,124,470.3483442,28.48841873,0.004791557,0.052372386,0.021279589,0.024801661,0.008594257,33.885,2,260121-box1_pair 2.csv
22,168,447.9264605,28.22807635,0.004645484,0.048673437,0.019546102,0.026512927,0.010490992,37.585,2,260121-box1_pair 2.csv
23,240,428.7128693,28.01693369,0.004849285,0.042194367,0.018238658,0.027038066,0.012147564,38.19,2,260121-box1_pair 2.csv
24,336,431.0794026,27.91699019,0.004883094,0.041235955,0.017956834,0.028130372,0.012996843,39.275,2,260121-box1_pair 2.csv
25,504,434.4525244,27.73924992,0.005113365,0.039323071,0.017965078,0.029656959,0.013911501,41.835,2,260121-box1_pair 2.csv
26,22,246.6256467,28.90960445,0.000566789,0.002219616,0.001513702,0.000874067,0.000402526,11.615,3,240421-Box 2_pair4.csv
27,36,340.5911137,26.77018383,0.000620593,0.002955599,0.00176771,0.001895133,0.000873319,23.365,3,240421-Box 2_pair4.csv
28,60,404.2765609,25.78964655,0.000663703,0.002763382,0.001854359,0.002512594,0.001570178,29.015,3,240421-Box 2_pair4.csv
29,108,389.6557415,25.17925142,0.000681873,0.00251318,0.001325868,0.00250784,0.001343308,35.25,3,240421-Box 2_pair4.csv
30,179,397.6229748,24.97827866,0.000693373,0.002192425,0.001628172,0.002811208,0.001358609,36.76,3,240421-Box 2_pair4.csv
31,17.5,154.2652231,28.0236946,0.000464027,0.001529581,0.000543811,0.000570363,9.12E-05,5.71,4,020521-box 3 fulia_pair 6.csv
32,21.5,192.9133868,26.47202197,0.000544836,0.001800754,0.000930709,0.000942328,0.000347227,11.78,4,020521-box 3 fulia_pair 6.csv
33,34,257.0299785,25.13067367,0.000619453,0.002117198,0.000835533,0.001756251,0.000916426,22.79,4,020521-box 3 fulia_pair 6.csv
34,46,261.5840997,24.63377459,0.000631577,0.001999902,0.00092505,0.00189727,0.001165183,26.64,4,020521-box 3 fulia_pair 6.csv
35,84,304.7011389,24.02570064,0.000672277,0.001868289,0.001219837,0.002038422,0.00134137,34.63,4,020521-box 3 fulia_pair 6.csv
36,161,319.2541534,23.63405305,0.000668814,0.002025118,0.001519207,0.0020713,0.001347111,40.31,4,020521-box 3 fulia_pair 6.csv
37,350,326.6569333,23.3858527,0.000706855,0.002006318,0.001469296,0.002152398,0.001297091,42.7,4,020521-box 3 fulia_pair 6.csv
38,693,377.1372933,23.21979978,0.000738836,0.001914203,0.001708736,0.002888165,0.001677873,47.14,4,020521-box 3 fulia_pair 6.csv
39,24,352.6449337,31.34913364,0.000569974,0.003171208,0.002278252,0.001149408,0.000295552,15.045,5,070221-box3_Pair 5 B.csv
40,30,398.5427358,30.1788371,0.000540332,0.003626111,0.001979301,0.001378776,0.000450454,19.89,5,070221-box3_Pair 5 B.csv
41,42,448.4199928,29.12960004,0.000571748,0.004135563,0.002162099,0.001782452,0.000653102,23.93,5,070221-box3_Pair 5 B.csv
42,50,462.0511388,28.83157362,0.000590323,0.004251951,0.002039294,0.001986393,0.00080775,25.755,5,070221-box3_Pair 5 B.csv
43,66,499.0811855,28.39968937,0.000586019,0.004517333,0.002217588,0.002184222,0.001048655,30.09,5,070221-box3_Pair 5 B.csv
44,120,552.1320091,27.73176919,0.000607022,0.004766364,0.002216588,0.002565136,0.000991389,33.965,5,070221-box3_Pair 5 B.csv
45,168,558.9094469,27.55659375,0.00061773,0.004656506,0.002142294,0.002640053,0.001135022,36.31333333,5,070221-box3_Pair 5 B.csv
46,240,585.5321774,27.39016372,0.000577016,0.004716193,0.002132486,0.002634236,0.001134258,38.995,5,070221-box3_Pair 5 B.csv
47,336,599.5693708,27.29167697,0.000526721,0.005169788,0.002511898,0.002465127,0.001136503,41.045,5,070221-box3_Pair 5 B.csv
48,552,612.8034451,27.1363811,0.000545874,0.005030131,0.002162286,0.003036043,0.001343797,39.795,5,070221-box3_Pair 5 B.csv
49,34,336.6721616,25.04200591,0.000327886,0.002585517,0.00133385,0.001476802,0.001890405,28.81,6,010421-box1_1.csv
50,81,359.7375523,24.10293762,0.000350034,0.002217238,0.001430073,0.002528483,0.001415624,39.015,6,010421-box1_1.csv
51,124,382.1740222,23.91132994,0.000315688,0.002279581,0.001548647,0.002580406,0.001662579,44.49,6,010421-box1_1.csv
52,240,374.5315244,23.58018304,0.000307882,0.002275901,0.001520416,0.00255252,0.001795165,48.9,6,010421-box1_1.csv
53,336,403.8435838,23.52836685,0.000345196,0.002248437,0.00161693,0.00293888,0.001783004,47.8,6,010421-box1_1.csv
54,672,468.078656,23.30617302,0.000305053,0.001915821,0.001571215,0.003483508,0.001497013,54.05,6,010421-box1_1.csv
55,22,235.6872284,29.83172272,0.000631792,0.002254511,0.0016833,0.000905604,0.00036932,11.615,7,240421-Box 6_pair12.csv
56,36,402.9626039,27.60651452,0.000674815,0.002933367,0.00188165,0.002506396,0.000850953,23.365,7,240421-Box 6_pair12.csv
57,60,449.9289377,26.5753291,0.000704387,0.002909185,0.001886864,0.002855129,0.00130691,29.015,7,240421-Box 6_pair12.csv
58,108,470.57559,25.88204109,0.000710327,0.002937298,0.001902445,0.003130239,0.001424547,35.25,7,240421-Box 6_pair12.csv
59,179,470.839778,25.63498332,0.000717142,0.002929704,0.001904517,0.003164124,0.001419833,36.76,7,240421-Box 6_pair12.csv
60,350,508.2332395,25.34881426,0.000713543,0.002863726,0.002047267,0.003747921,0.00120137,42.835,7,240421-Box 6_pair12.csv
61,664,547.8054456,25.19958815,0.000710696,0.003175158,0.002024525,0.004042443,0.001167755,44.66,7,240421-Box 6_pair12.csv
62,34,379.0293552,26.7657919,0.000297767,0.003226681,0.001671675,0.002331784,0.00114459,28.81,8,010421-box1_2.csv
63,59,445.2374841,25.833274,0.000303564,0.003851842,0.001894954,0.002193136,0.001983217,39.015,8,010421-box1_2.csv
64,81,434.3958026,25.49999671,0.000292772,0.003452572,0.001862673,0.002318993,0.002061561,44.49,8,010421-box1_2.csv
65,240,405.3690643,24.8162176,0.000266458,0.00290315,0.002178615,0.002517114,0.002084556,48.9,8,010421-box1_2.csv
66,336,426.7347421,24.72769438,0.000265834,0.002916723,0.002180136,0.002771724,0.002075832,47.8,8,010421-box1_2.csv
67,672,558.3739691,24.33163041,0.000261579,0.00325231,0.002362271,0.003313651,0.001956317,54.05,8,010421-box1_2.csv
68,22,225.3677863,29.05144006,0.002590407,0.024769832,0.010066686,0.006869752,0.001621952,12.54,9,260121-box2_pair 4.csv
69,26,231.9396695,28.08443846,0.002411631,0.024509522,0.011834731,0.011440891,0.002616296,17.555,9,260121-box2_pair 4.csv
70,42,280.2221315,26.5640054,0.00199297,0.02110563,0.012945171,0.019810246,0.004471476,23.99,9,260121-box2_pair 4.csv
71,50,288.3048266,26.18501793,0.001882627,0.020975408,0.012257793,0.022081438,0.006212808,25.79,9,260121-box2_pair 4.csv
72,65,296.1282446,25.70722111,0.001744933,0.021812282,0.011735546,0.021928865,0.007171905,30.97,9,260121-box2_pair 4.csv
73,124,330.308065,25.13517542,0.00170935,0.022566544,0.015596407,0.022615485,0.007878963,33.885,9,260121-box2_pair 4.csv
74,168,333.4915249,25.0309832,0.001589904,0.02368464,0.015715116,0.022990162,0.008438838,37.585,9,260121-box2_pair 4.csv
75,240,336.2863443,24.83053341,0.001581929,0.024401999,0.015605882,0.021855959,0.008545708,38.19,9,260121-box2_pair 4.csv
76,336,334.9472694,24.76183486,0.001592028,0.024458985,0.016002337,0.02053923,0.008452636,39.275,9,260121-box2_pair 4.csv
77,504,355.418458,24.60640408,0.001580639,0.025448966,0.016588515,0.019496052,0.00895996,41.835,9,260121-box2_pair 4.csv
78,22,230.6057223,29.071173,0.000620539,0.002487539,0.001363811,0.000797054,0.000309064,11.615,10,240421-Box 4_pair 7.csv
79,36,311.6749732,27.12631614,0.000657132,0.002014835,0.001115655,0.002127097,0.000806155,23.365,10,240421-Box 4_pair 7.csv
80,60,373.0740206,26.22099574,0.000660543,0.001675401,0.001181785,0.00284474,0.000994915,29.015,10,240421-Box 4_pair 7.csv
81,108,400.763162,25.58249599,0.000655135,0.002143587,0.001125616,0.00287578,0.001123362,35.25,10,240421-Box 4_pair 7.csv
82,179,417.4941635,25.32449777,0.000664154,0.002297604,0.001230998,0.002976531,0.001187712,36.76,10,240421-Box 4_pair 7.csv
83,350,462.574331,25.11147272,0.000682757,0.002170841,0.001326232,0.003250588,0.001150534,42.835,10,240421-Box 4_pair 7.csv
84,24,215.329973,29.23745158,0.000204776,0.001864404,0.001420276,0.000603069,0.000324879,15.045,11,070221-box1_pai1 A.csv
85,30,251.04408,28.1081155,0.000253421,0.001997948,0.001655263,0.001294426,0.00037086,19.89,11,070221-box1_pai1 A.csv
86,42,341.7336184,27.20862582,0.000277252,0.002639562,0.001876416,0.002544311,0.000541236,23.93,11,070221-box1_pai1 A.csv
87,50,379.2834114,26.81297898,0.000292906,0.002639563,0.002015849,0.002957096,0.000677139,25.755,11,070221-box1_pai1 A.csv
88,66,337.9559616,28.77332389,0.00038561,0.003918401,0.001861475,0.001468512,0.000648043,30.09,11,070221-box1_pai1 A.csv
89,120,449.6910422,25.7164874,0.000249873,0.003232115,0.002642464,0.003289906,0.000877444,33.965,11,070221-box1_pai1 A.csv
90,168,421.8268005,25.47283937,0.000272434,0.002999114,0.002316504,0.002877497,0.000786947,36.31333333,11,070221-box1_pai1 A.csv
91,240,437.9851619,25.38410297,0.000271407,0.002770193,0.002301861,0.0032092,0.000997296,38.995,11,070221-box1_pai1 A.csv
92,336,458.0596162,25.28711408,0.000244345,0.002879664,0.002241719,0.003615774,0.001138826,41.045,11,070221-box1_pai1 A.csv
93,552,455.5784344,25.19940848,0.000243559,0.002845865,0.002429625,0.003882924,0.00137983,39.795,11,070221-box1_pai1 A.csv
94,22,261.9419672,29.26372838,0.000581972,0.002242379,0.001612905,0.000937829,0.000257565,11.615,12,240421-Box 6_pair11.csv
95,36,398.2687862,27.11403715,0.000690874,0.003164122,0.001950456,0.002388513,0.000928386,23.365,12,240421-Box 6_pair11.csv
96,60,471.4017829,26.09645319,0.000753464,0.003232898,0.001810068,0.003385914,0.001397869,29.015,12,240421-Box 6_pair11.csv
97,108,484.7540987,25.37857625,0.000768294,0.003102039,0.001465467,0.00365628,0.001305745,35.25,12,240421-Box 6_pair11.csv
98,179,485.712322,25.14757153,0.00080327,0.003278505,0.001357618,0.003670847,0.001167514,36.76,12,240421-Box 6_pair11.csv
99,350,497.9617665,24.92310146,0.00083383,0.003328641,0.001511474,0.003999586,0.001021644,42.835,12,240421-Box 6_pair11.csv
100,664,511.94691,24.79547111,0.000852703,0.003334454,0.001832574,0.003910782,0.001209268,44.66,12,240421-Box 6_pair11.csv
101,17,574.3608388,31.55664994,0.000484382,0.00393162,0.003669995,0.001879543,0.000376328,14.47,13,210321-box1_1.csv
102,22,574.1421511,29.88701407,0.000533479,0.004433669,0.002620411,0.002706073,0.000674829,18.155,13,210321-box1_1.csv
103,26,553.9197179,29.15237043,0.000497675,0.004085329,0.00217268,0.002997478,0.000823655,20.31,13,210321-box1_1.csv
104,40,622.1891267,28.02775906,0.000499675,0.004376595,0.001982258,0.00378939,0.000983932,25.4,13,210321-box1_1.csv
105,66,740.1283138,27.078544,0.000518677,0.004649311,0.002177271,0.00501669,0.001153779,30.415,13,210321-box1_1.csv
106,120,846.3532624,26.45675417,0.000513062,0.005041592,0.002241062,0.005859858,0.001265815,34.585,13,210321-box1_1.csv
107,168,925.3769547,26.1886192,0.000527184,0.005056487,0.00216143,0.00659998,0.001297943,35.945,13,210321-box1_1.csv
108,255,909.7670519,25.95725026,0.000539566,0.004311744,0.002257042,0.007125488,0.001546408,37.575,13,210321-box1_1.csv
109,336,931.060938,25.84366092,0.000539168,0.004417226,0.002281182,0.00738029,0.00156904,38.775,13,210321-box1_1.csv
110,504,1103.846283,25.65918205,0.000542951,0.004696109,0.002281542,0.008714604,0.002404827,41.01,13,210321-box1_1.csv
111,17,260.7627436,29.02891401,0.000455526,0.002250867,0.00118181,0.000922932,0.00016877,13.96,14,070321-box4_7.csv
112,21,323.7622459,27.9250014,0.000410776,0.002448991,0.001476449,0.001316555,0.000311472,17.95,14,070321-box4_7.csv
113,28,400.5271748,26.90220605,0.000392835,0.002455204,0.002019604,0.001814481,0.000674669,22.595,14,070321-box4_7.csv
114,40,469.2273751,26.13331003,0.000430229,0.002423588,0.002269996,0.002816481,0.000787978,27.90333333,14,070321-box4_7.csv
115,51,507.9633034,25.81506436,0.000434516,0.002373132,0.002336019,0.00352478,0.00091748,29.435,14,070321-box4_7.csv
116,65,527.304286,25.47591477,0.000439344,0.002295741,0.002422998,0.003940303,0.000994507,32.56,14,070321-box4_7.csv
117,120,529.9455367,24.95921919,0.000439324,0.002459545,0.002554262,0.003665163,0.000959935,35.985,14,070321-box4_7.csv
118,168,510.6357149,24.80481003,0.000437823,0.00247897,0.002623354,0.003227531,0.001012937,37.49666667,14,070321-box4_7.csv
119,258,517.1713049,24.62482853,0.000441275,0.002554624,0.002711161,0.003033963,0.001389329,40.09,14,070321-box4_7.csv
120,336,515.9599012,24.55285215,0.000448629,0.002582401,0.002808449,0.002947252,0.00149752,41.90333333,14,070321-box4_7.csv
121,504,566.3249444,24.43222224,0.000459477,0.002993625,0.002918239,0.003350003,0.001754903,45.825,14,070321-box4_7.csv
122,17,261.6139853,28.35900251,0.000363477,0.002100282,0.001603183,0.00079933,0.000212395,13.96,15,070321-box4_8.csv
123,21,336.8692494,27.37490222,0.00038363,0.002366481,0.002043993,0.001466686,0.000341059,17.95,15,070321-box4_8.csv
124,28,430.4582706,26.44552618,0.000375329,0.00257389,0.002484064,0.001907478,0.000612124,22.595,15,070321-box4_8.csv
125,40,490.5899532,25.71657818,0.000334978,0.002934942,0.002683142,0.002018794,0.000968869,27.90333333,15,070321-box4_8.csv
126,51,532.7874492,25.39197135,0.000335843,0.003102132,0.003051196,0.00223177,0.001186297,29.435,15,070321-box4_8.csv
127,65,524.1055542,25.07832055,0.00031649,0.002994573,0.003104223,0.001889747,0.001353995,32.56,15,070321-box4_8.csv
128,120,534.3290769,24.60983788,0.000332496,0.003319586,0.002757171,0.002414033,0.001156464,35.985,15,070321-box4_8.csv
129,168,535.4291532,24.44535789,0.000328795,0.003251457,0.002834809,0.002833068,0.001021998,37.49666667,15,070321-box4_8.csv
130,258,538.286666,24.29799214,0.000321277,0.003481803,0.002572209,0.002946462,0.001133757,40.09,15,070321-box4_8.csv
131,336,522.2869537,24.23037366,0.000341125,0.003484415,0.002447219,0.002805696,0.001024802,41.90333333,15,070321-box4_8.csv
132,504,550.266888,24.13297348,0.000346652,0.003479579,0.00291988,0.003465195,0.001510104,45.825,15,070321-box4_8.csv
133,22,285.4553442,29.34462426,0.000744885,0.003062566,0.00148545,0.000887006,0.000254818,11.615,16,240421-Box 5_pair10.csv
134,36,369.0488957,27.30137731,0.000766765,0.002980136,0.001814725,0.001595506,0.000763685,23.365,16,240421-Box 5_pair10.csv
135,60,434.05385,26.32909207,0.00076846,0.003411115,0.001822223,0.00221892,0.001105648,29.015,16,240421-Box 5_pair10.csv
136,108,447.1906492,25.57005,0.000587489,0.003092571,0.001574835,0.002292785,0.001786545,35.25,16,240421-Box 5_pair10.csv
137,179,498.915827,25.40798266,0.000767647,0.003718114,0.001616848,0.002766283,0.001454538,36.76,16,240421-Box 5_pair10.csv
138,350,511.9693931,25.1871465,0.000732976,0.003787032,0.001752736,0.003195444,0.00128428,42.835,16,240421-Box 5_pair10.csv
139,664,514.7940479,25.07573316,0.000774291,0.003665936,0.001832435,0.003251597,0.001345644,44.66,16,240421-Box 5_pair10.csv
140,17,222.6111916,28.15900417,0.000686595,0.001817603,0.000989971,0.000620326,0.000173858,13.96,17,070321-box5 steel_10.csv
141,21,258.6081393,26.99096541,0.000689665,0.002206512,0.00115731,0.001176997,0.000251717,17.95,17,070321-box5 steel_10.csv
142,28,304.4578681,26.00027571,0.00073372,0.002656188,0.001224902,0.001701765,0.000287682,22.595,17,070321-box5 steel_10.csv
143,40,311.7401623,25.26247814,0.000742385,0.002590894,0.001222882,0.001819585,0.000415294,27.90333333,17,070321-box5 steel_10.csv
144,51,318.4560628,24.90997264,0.000750104,0.002442012,0.001152528,0.002049613,0.000455504,29.435,17,070321-box5 steel_10.csv
145,65,329.0414704,24.5530519,0.000756527,0.002265492,0.001306062,0.002059652,0.000443313,32.56,17,070321-box5 steel_10.csv
146,120,341.0725318,24.1612447,0.000737229,0.002274457,0.001307265,0.001897678,0.000415144,35.985,17,070321-box5 steel_10.csv
147,168,361.3333824,24.05891991,0.000743225,0.002112452,0.001299745,0.002224322,0.000468732,37.49666667,17,070321-box5 steel_10.csv
148,258,398.2248988,23.95572336,0.000772847,0.002086608,0.001222882,0.002731135,0.000563345,40.09,17,070321-box5 steel_10.csv
149,504,428.0462239,23.7204746,0.000832826,0.001880076,0.001267634,0.002943463,0.000642729,45.825,17,070321-box5 steel_10.csv
150,34,408.389471,28.17126293,0.000590381,0.00291335,0.002225497,0.001941671,0.000535654,22.79,18,020521-box 2 no adas_pair 3.csv
151,46,445.3644473,27.33710362,0.000628561,0.002736507,0.002251454,0.002644476,0.00079199,26.64,18,020521-box 2 no adas_pair 3.csv
152,84,485.0644343,26.21933152,0.000623962,0.002563916,0.001939524,0.00310036,0.001123439,34.63,18,020521-box 2 no adas_pair 3.csv
153,161,465.1132038,25.6293848,0.000632021,0.002319305,0.001730648,0.003163706,0.001195763,40.31,18,020521-box 2 no adas_pair 3.csv
154,350,453.5951801,25.20645105,0.000692421,0.002247203,0.001751593,0.003175957,0.001125405,42.7,18,020521-box 2 no adas_pair 3.csv
155,693,496.402973,25.04776879,0.000682529,0.002713778,0.002128244,0.003262664,0.001344636,47.14,18,020521-box 2 no adas_pair 3.csv
156,21.5,286.6918813,26.6351329,0.000553708,0.002366311,0.001541412,0.000939461,0.000557076,11.78,19,020521-box 4 fulia_pair7.csv
157,34,396.9566663,25.2295303,0.000574409,0.002999776,0.001582343,0.002104953,0.000983508,22.79,19,020521-box 4 fulia_pair7.csv
158,46,409.6369666,24.83118721,0.000614069,0.002664063,0.001596074,0.002452657,0.001189735,26.64,19,020521-box 4 fulia_pair7.csv
159,84,475.7042656,24.22706578,0.000630934,0.002679534,0.001859533,0.003112392,0.001307011,34.63,19,020521-box 4 fulia_pair7.csv
160,161,480.4058306,23.89084095,0.000627804,0.002444578,0.001735788,0.003298702,0.001257988,40.31,19,020521-box 4 fulia_pair7.csv
161,350,495.2477668,23.55901673,0.000590408,0.002284861,0.001748088,0.003387148,0.001474628,42.7,19,020521-box 4 fulia_pair7.csv
162,693,541.3462416,23.46472628,0.000598236,0.002586316,0.002022451,0.003519621,0.00198328,47.14,19,020521-box 4 fulia_pair7.csv
163,17,247.2367386,29.59871896,0.000392222,0.002352836,0.001300027,0.000601485,0.000196118,13.96,20,070321-box3_6.csv
164,21,380.2157,28.08616762,0.000376732,0.003424008,0.002351628,0.001062346,0.000520451,17.95,20,070321-box3_6.csv
165,28,521.5715384,26.96105883,0.000372196,0.004044748,0.003007284,0.001813192,0.000979872,22.595,20,070321-box3_6.csv
166,40,605.1538175,26.13428694,0.000366282,0.004028731,0.003355657,0.002230734,0.00121121,27.90333333,20,070321-box3_6.csv
167,51,623.123722,25.78395325,0.00036081,0.003761538,0.00349884,0.002576558,0.001430237,29.435,20,070321-box3_6.csv
168,65,628.7097438,25.45060796,0.000347838,0.003018487,0.003740551,0.002948672,0.001578958,32.56,20,070321-box3_6.csv
169,120,665.539273,24.92000743,0.000341449,0.003206728,0.003529936,0.003063189,0.002158156,35.985,20,070321-box3_6.csv
170,168,681.2138572,24.75715103,0.000329171,0.003424666,0.003397362,0.003086045,0.002429527,37.49666667,20,070321-box3_6.csv
171,258,697.7269626,24.5516407,0.000366333,0.003311436,0.003301895,0.003291033,0.002563998,40.09,20,070321-box3_6.csv
172,336,703.9629161,24.5374249,0.000356826,0.003235278,0.003228478,0.00336699,0.002739266,41.90333333,20,070321-box3_6.csv
173,504,738.040551,24.38718119,0.000383454,0.003611215,0.003043611,0.003723417,0.003005618,45.825,20,070321-box3_6.csv
174,17,512.6046368,34.93024294,0.000537706,0.004286988,0.004204015,0.002171723,0.000393814,14.47,21,210321-box1_2.csv
175,22,664.294805,32.8792758,0.000549369,0.00482768,0.004715585,0.003942704,0.001162168,18.155,21,210321-box1_2.csv
176,26,723.8204316,31.97551014,0.000501488,0.00455898,0.005021686,0.00434627,0.001521864,20.31,21,210321-box1_2.csv
177,40,792.1323996,30.68767769,0.000550205,0.004557252,0.005563429,0.004715778,0.002189117,25.4,21,210321-box1_2.csv
178,66,786.7796883,29.62367998,0.000505483,0.004714859,0.00544578,0.004695856,0.002990399,30.415,21,210321-box1_2.csv
179,120,788.668376,28.9376674,0.000459793,0.004582964,0.005162142,0.004543216,0.003580306,34.585,21,210321-box1_2.csv
180,168,789.2441246,28.70755415,0.00043501,0.00446106,0.004935296,0.004533519,0.003844066,35.945,21,210321-box1_2.csv
181,255,793.6389063,28.54284038,0.000444929,0.004142401,0.004643853,0.004779272,0.003834246,37.575,21,210321-box1_2.csv
182,336,601.4848991,28.88460623,0.001434467,0.003347886,0.004656927,0.00227686,0.002378176,38.775,21,210321-box1_2.csv
183,22,576.7756637,33.79390951,0.000577125,0.005944082,0.002985992,0.001444492,0.000666729,18.155,22,210321-box2_3.csv
184,26,566.7088038,32.86249973,0.000546311,0.005844505,0.002956766,0.001421769,0.001061347,20.31,22,210321-box2_3.csv
185,40,562.2933725,31.54318902,0.00047467,0.005408977,0.002956809,0.002184124,0.001716635,25.4,22,210321-box2_3.csv
186,66,653.2486177,30.40585714,0.000422397,0.005376773,0.003312613,0.003695246,0.002318292,30.415,22,210321-box2_3.csv
187,120,518.6057005,30.50431091,0.001948933,0.004060965,0.003363348,0.001107408,0.002505677,34.585,22,210321-box2_3.csv
188,168,500.3446794,30.15224275,0.00238531,0.004019387,0.002964023,0.001170959,0.002593263,35.945,22,210321-box2_3.csv
189,255,495.5596634,29.9567934,0.001984215,0.004019975,0.003207812,0.001197392,0.002650749,37.575,22,210321-box2_3.csv
190,336,526.8888549,29.86950613,0.001709771,0.004084751,0.003580026,0.001315829,0.002818046,38.775,22,210321-box2_3.csv
191,22,205.7375061,29.16311523,0.000498278,0.001818398,0.00098436,0.000984469,0.000397834,11.615,23,240421-Box 5_pair9.csv
192,36,346.8949803,27.16381393,0.000566973,0.002560485,0.00125795,0.00172316,0.00103663,23.365,23,240421-Box 5_pair9.csv
193,60,404.0923971,26.22001883,0.000601666,0.002963192,0.00167274,0.002060194,0.001393815,29.015,23,240421-Box 5_pair9.csv
194,108,446.8041767,25.50348945,0.000590719,0.003107872,0.001577851,0.002303376,0.001737904,35.25,23,240421-Box 5_pair9.csv
195,179,447.2351489,25.30882317,0.000610049,0.003118933,0.001677667,0.002477604,0.00178316,36.76,23,240421-Box 5_pair9.csv
196,350,442.5486303,25.10249455,0.000666475,0.003001268,0.001847442,0.002355776,0.001964391,42.835,23,240421-Box 5_pair9.csv
197,664,443.3048335,24.97538871,0.000688657,0.002937957,0.001946973,0.002510323,0.002081712,44.66,23,240421-Box 5_pair9.csv
198,21.5,353.5669238,31.81181974,0.00037662,0.001931788,0.002914035,0.000808388,0.000204664,11.78,24,020521-box 1 no adas_pair 1.csv
199,34,447.5394343,28.76444659,0.000476954,0.002635708,0.002033327,0.003090729,0.000946822,22.79,24,020521-box 1 no adas_pair 1.csv
200,46,527.270542,27.87447627,0.000501214,0.002794525,0.001732357,0.004037855,0.001150401,26.64,24,020521-box 1 no adas_pair 1.csv
201,84,614.7780927,26.7621111,0.000556244,0.002928798,0.001679718,0.005052222,0.00120719,34.63,24,020521-box 1 no adas_pair 1.csv
202,161,652.6497315,26.12087141,0.000555794,0.002922578,0.001465084,0.005344701,0.001348837,40.31,24,020521-box 1 no adas_pair 1.csv
203,350,679.8961884,25.72054934,0.000553742,0.002997522,0.001391146,0.00537274,0.001413808,42.7,24,020521-box 1 no adas_pair 1.csv
204,693,637.9538713,25.49084499,0.000572263,0.002822736,0.001320584,0.004918275,0.001744872,47.14,24,020521-box 1 no adas_pair 1.csv
205,22,327.2310313,28.42869068,0.000787526,0.003531603,0.001431583,0.001092704,0.000239318,11.615,25,240421-Box 4_pair 8.csv
206,36,379.1182106,26.42060755,0.000849631,0.002852107,0.001721121,0.001951823,0.000705773,23.365,25,240421-Box 4_pair 8.csv
207,60,444.7662982,25.43033909,0.000879222,0.002864822,0.001702377,0.002854895,0.00132474,29.015,25,240421-Box 4_pair 8.csv
208,108,444.8006413,24.79075663,0.000861874,0.00310361,0.001882312,0.002749205,0.001212856,35.25,25,240421-Box 4_pair 8.csv
209,179,453.548611,24.62102559,0.000878066,0.003190978,0.00182784,0.002710785,0.001248544,36.76,25,240421-Box 4_pair 8.csv
210,350,475.2577875,24.42885178,0.000888151,0.003053008,0.002158232,0.003046545,0.001091618,42.835,25,240421-Box 4_pair 8.csv
211,664,499.3111324,24.30650372,0.000905159,0.003213147,0.002241636,0.003205404,0.001131133,44.66,25,240421-Box 4_pair 8.csv
212,25,449.3325501,27.47932625,0.000684803,0.004186466,0.001158897,0.002142716,0.000495276,21.615,26,210517-Box4_pair4.csv
213,37,543.1616129,26.40420047,0.000694846,0.004431183,0.001132797,0.003353831,0.000746946,27.855,26,210517-Box4_pair4.csv
214,61.5,604.9636908,25.56374683,0.000688572,0.004272897,0.001382282,0.003614026,0.001028381,34.705,26,210517-Box4_pair4.csv
215,103,613.7068567,25.00614242,0.000637125,0.003964745,0.001384344,0.003821413,0.001060241,38,26,210517-Box4_pair4.csv
216,172,604.1194341,24.79192205,0.000636259,0.003737203,0.0014843,0.00388658,0.00116905,39.9,26,210517-Box4_pair4.csv
217,349,611.0828598,24.50208407,0.000632555,0.003384123,0.001306694,0.004338806,0.001176494,45.58,26,210517-Box4_pair4.csv
218,672,624.521071,24.39995719,0.000664101,0.003548958,0.001689199,0.004331449,0.001252458,52.07,26,210517-Box4_pair4.csv
219,17,229.8782752,27.83070277,0.000715978,0.001856439,0.001183767,0.000901122,0.000189626,13.96,27,070321-box5 steel_9.csv
220,21,314.6345176,26.93492347,0.000767058,0.002496289,0.001366378,0.001192349,0.000251349,17.95,27,070321-box5 steel_9.csv
221,28,386.5883285,26.07802041,0.00083261,0.003025725,0.001674602,0.001451211,0.000451779,22.595,27,070321-box5 steel_9.csv
222,40,437.1852357,25.47322685,0.00086114,0.003180378,0.001962556,0.001667888,0.000665891,27.90333333,27,070321-box5 steel_9.csv
223,51,439.7976238,25.16432448,0.000877031,0.002931892,0.001947591,0.001890229,0.000635916,29.435,27,070321-box5 steel_9.csv
224,65,465.9986613,24.89348811,0.000866341,0.002849373,0.001707451,0.002376764,0.000716215,32.56,27,070321-box5 steel_9.csv
225,120,444.770214,24.49291356,0.000835525,0.002615992,0.001724291,0.002341832,0.000767654,35.985,27,070321-box5 steel_9.csv
226,168,425.1474978,24.40246852,0.000835703,0.002451021,0.001516717,0.002213647,0.000738089,37.49666667,27,070321-box5 steel_9.csv
227,258,465.5854302,24.18959129,0.000864831,0.002613647,0.001621099,0.002648987,0.000893486,40.09,27,070321-box5 steel_9.csv
228,336,457.9731629,24.12912512,0.000888115,0.002578792,0.001743694,0.0026734,0.000836116,41.90333333,27,070321-box5 steel_9.csv
229,504,479.7060495,23.98861098,0.000897315,0.002753367,0.001769689,0.003194366,0.000938264,45.825,27,070321-box5 steel_9.csv
230,25,284.5224084,26.79053468,0.000739662,0.002014188,0.00102269,0.001631036,0.000373627,21.615,28,210517-Box4_pair5.csv
231,37,353.8517469,25.88644715,0.000757269,0.002129436,0.000934642,0.002821019,0.000512804,27.855,28,210517-Box4_pair5.csv
232,61.5,385.9281779,25.11451709,0.000714058,0.002350395,0.000695968,0.003078775,0.000816818,34.705,28,210517-Box4_pair5.csv
233,103,429.460218,24.5829075,0.000678271,0.002556195,0.000810875,0.003442867,0.000873844,38,28,210517-Box4_pair5.csv
234,172,458.6993828,24.39844636,0.000681104,0.002588046,0.000822301,0.003617241,0.001099291,39.9,28,210517-Box4_pair5.csv
235,349,444.9504846,24.08238475,0.000660883,0.002284947,0.001019608,0.003462516,0.000890528,45.58,28,210517-Box4_pair5.csv
236,672,438.5598618,23.94683038,0.000667611,0.002294999,0.001054538,0.003022811,0.000952814,52.07,28,210517-Box4_pair5.csv
237,17,617.0150198,30.74480668,0.000508923,0.004771405,0.002791243,0.002063857,0.000468032,14.47,29,210321-box3_5.csv
238,22,764.2182119,29.29283917,0.000502984,0.005818319,0.002931728,0.003001338,0.000711079,18.155,29,210321-box3_5.csv
239,26,800.0348039,28.62785493,0.000486689,0.005968268,0.002684196,0.003576739,0.00081876,20.31,29,210321-box3_5.csv
240,40,868.6470295,27.5750276,0.000558629,0.005941133,0.002149998,0.004777793,0.001060562,25.4,29,210321-box3_5.csv
241,66,906.2660955,26.65469995,0.000534436,0.005574359,0.001649835,0.005949945,0.00123579,30.415,29,210321-box3_5.csv
242,120,919.9010788,26.06984799,0.000506477,0.005129606,0.001411803,0.006608826,0.001339736,34.585,29,210321-box3_5.csv
243,168,923.0006139,25.8025443,0.00049856,0.004915193,0.001465692,0.006944271,0.00140209,35.945,29,210321-box3_5.csv
244,255,936.9992395,25.55955123,0.000466533,0.004102058,0.001402069,0.00752408,0.001523786,37.575,29,210321-box3_5.csv
245,336,921.2824812,25.46673723,0.000464063,0.003633601,0.001435349,0.007733202,0.001678909,38.775,29,210321-box3_5.csv
246,504,907.676297,25.31075435,0.000489129,0.003506866,0.001458298,0.00782989,0.001828185,41.01,29,210321-box3_5.csv
247,21,406.9550691,30.1255965,0.000426945,0.002869577,0.002605449,0.001141692,0.000328447,17.95,30,070321-box2_4.csv
248,28,498.1960767,28.73009946,0.000389786,0.003065859,0.003148733,0.001846411,0.000589005,22.595,30,070321-box2_4.csv
249,40,561.6045052,27.75654903,0.00040014,0.003275524,0.00328468,0.002430183,0.000868028,27.90333333,30,070321-box2_4.csv
250,51,589.4671685,27.27100011,0.000395044,0.003485018,0.003312049,0.002781506,0.001008706,29.435,30,070321-box2_4.csv
251,65,591.1527205,26.84435026,0.000402733,0.003141078,0.00324902,0.002980634,0.001089699,32.56,30,070321-box2_4.csv
252,120,610.3878145,26.20845166,0.000370356,0.003001643,0.003292482,0.003515047,0.001395492,35.985,30,070321-box2_4.csv
253,168,628.0984591,26.01965601,0.00037884,0.002887818,0.00315094,0.003825622,0.001441927,37.49666667,30,070321-box2_4.csv
254,258,659.2237686,25.83119494,0.000381977,0.003171201,0.003233519,0.004178554,0.001508205,40.09,30,070321-box2_4.csv
255,336,717.0840595,25.71842192,0.000391227,0.003354667,0.003119355,0.004543913,0.001940213,41.90333333,30,070321-box2_4.csv
256,504,733.2599624,25.58220564,0.000391562,0.003827871,0.003181959,0.004807598,0.001674592,45.825,30,070321-box2_4.csv
257,21,361.286503,26.94635287,0.000377315,0.002741244,0.002489137,0.001218838,0.00042386,17.95,31,070321-box1_2.csv
258,28,480.026035,25.92031815,0.000337942,0.003424386,0.003113126,0.001738416,0.000805976,22.595,31,070321-box1_2.csv
259,40,530.9640991,25.21741888,0.000338052,0.003631174,0.003449215,0.001643954,0.001042116,27.90333333,31,070321-box1_2.csv
260,51,554.3810159,24.81373064,0.000344592,0.003710808,0.003468603,0.001763427,0.001223192,29.435,31,070321-box1_2.csv
261,65,563.3042546,24.5753656,0.000340029,0.00330307,0.003912993,0.002085148,0.001083289,32.56,31,070321-box1_2.csv
262,120,594.2483244,24.06385852,0.000351852,0.003105055,0.004088393,0.003034742,0.001139818,35.985,31,070321-box1_2.csv
263,168,605.5805231,23.93768046,0.000350652,0.003190386,0.004074558,0.003107082,0.00126506,37.49666667,31,070321-box1_2.csv
264,258,619.4141824,23.77280478,0.000371693,0.003318606,0.004222793,0.002847618,0.001524561,40.09,31,070321-box1_2.csv
265,336,623.4968392,23.70277197,0.000378553,0.003524539,0.004193547,0.003074582,0.001748006,41.90333333,31,070321-box1_2.csv
266,504,614.4685298,23.60059981,0.000403721,0.003626715,0.004159891,0.0029449,0.00175519,45.825,31,070321-box1_2.csv
267,24,348.6509704,30.80732398,0.000623252,0.00310943,0.001582173,0.000975922,0.000268935,15.045,32,070221-box2_pair 3 A.csv
268,30,385.6268312,29.6759528,0.000551724,0.003254556,0.001892687,0.001247629,0.000486272,19.89,32,070221-box2_pair 3 A.csv
269,42,422.6654997,28.75779993,0.000575677,0.003373018,0.002446224,0.001962887,0.000679626,23.93,32,070221-box2_pair 3 A.csv
270,50,435.5125157,28.41823205,0.000552002,0.003449985,0.002211081,0.002115354,0.000741042,25.755,32,070221-box2_pair 3 A.csv
271,66,471.4930504,28.00548056,0.000554588,0.003500491,0.002436981,0.002334184,0.001088999,30.09,32,070221-box2_pair 3 A.csv
272,120,498.4214435,27.34329093,0.000526253,0.00354692,0.002175682,0.002916074,0.000963117,33.965,32,070221-box2_pair 3 A.csv
273,168,507.1542241,27.22463353,0.000531961,0.003344845,0.002045546,0.0030708,0.001148568,36.31333333,32,070221-box2_pair 3 A.csv
274,240,508.4857492,27.01873416,0.000564382,0.003516346,0.002367858,0.002688433,0.001339103,38.995,32,070221-box2_pair 3 A.csv
275,336,505.7546104,26.88352509,0.000620617,0.003338856,0.00233209,0.002714704,0.001666635,41.045,32,070221-box2_pair 3 A.csv
276,552,486.4128216,26.77502613,0.000624358,0.003280085,0.00221129,0.002630613,0.0016389,39.795,32,070221-box2_pair 3 A.csv
277,21.5,359.8018389,26.8697198,0.000366036,0.003620743,0.001596068,0.001201252,0.000474682,11.78,33,020521-box 4 fulia_pair8.csv
278,34,454.7661609,25.57869392,0.000370767,0.004376377,0.002040221,0.00194442,0.001061461,22.79,33,020521-box 4 fulia_pair8.csv
279,46,465.374968,25.06570825,0.000392693,0.004417408,0.001671805,0.002277448,0.001228228,26.64,33,020521-box 4 fulia_pair8.csv
280,84,507.5672587,24.46243724,0.000395867,0.004305692,0.002129182,0.0030643,0.001527583,34.63,33,020521-box 4 fulia_pair8.csv
281,161,500.4721409,24.06537659,0.000381529,0.003975947,0.002222991,0.00315501,0.001734568,40.31,33,020521-box 4 fulia_pair8.csv
282,350,503.1595668,23.83008107,0.000368759,0.00378715,0.002307087,0.003418903,0.001736413,42.7,33,020521-box 4 fulia_pair8.csv
283,693,569.5077919,23.61919055,0.000436139,0.00449024,0.002396994,0.004219262,0.001597277,47.14,33,020521-box 4 fulia_pair8.csv
284,22,427.133939,29.79042817,0.000369876,0.004147759,0.001595485,0.001186434,0.000202214,11.615,34,240421-Box 1_pair2.csv
285,36,629.0166553,27.48195352,0.000344496,0.005316393,0.002354947,0.003027707,0.000655013,23.365,34,240421-Box 1_pair2.csv
286,60,647.4703741,26.38379335,0.000347388,0.004675606,0.002084966,0.003779505,0.000959947,29.015,34,240421-Box 1_pair2.csv
287,108,655.4060688,25.67468882,0.000348768,0.003822815,0.00214828,0.004238473,0.000967232,35.25,34,240421-Box 1_pair2.csv
288,179,642.8250448,25.43556754,0.000342334,0.003716865,0.002350854,0.004295429,0.001294416,36.76,34,240421-Box 1_pair2.csv
289,350,658.3948125,25.17725342,0.000345424,0.003719689,0.002243667,0.004568378,0.001448798,42.835,34,240421-Box 1_pair2.csv
290,664,679.6164866,25.01939085,0.000367693,0.003616648,0.002231627,0.005183467,0.001711737,44.66,34,240421-Box 1_pair2.csv
291,22,244.8684692,30.54114661,0.004808058,0.027858938,0.015921817,0.00789982,0.002432217,12.54,35,260121-box2_pair 3.csv
292,26,297.4509349,29.72157181,0.004754664,0.032146383,0.016630731,0.011380797,0.004891807,17.555,35,260121-box2_pair 3.csv
293,42,425.7918732,28.12514802,0.004201339,0.037129492,0.021797394,0.022438345,0.006596856,23.99,35,260121-box2_pair 3.csv
294,50,441.4079023,27.75877211,0.003988066,0.036305521,0.023011057,0.024604889,0.006194041,25.79,35,260121-box2_pair 3.csv
295,65,449.9405857,27.29371174,0.003804266,0.034901703,0.024356844,0.02477826,0.007187851,30.97,35,260121-box2_pair 3.csv
296,124,466.9696347,26.61843427,0.003516704,0.032541276,0.024500844,0.025179618,0.009396137,33.885,35,260121-box2_pair 3.csv
297,168,455.0648481,26.43014905,0.003541647,0.031539816,0.024401712,0.025055826,0.010243888,37.585,35,260121-box2_pair 3.csv
298,240,463.093613,26.22663167,0.003524205,0.031032258,0.024257428,0.028367574,0.010959015,38.19,35,260121-box2_pair 3.csv
299,336,465.5758811,26.10663804,0.003496782,0.02904754,0.02424409,0.030032576,0.011274392,39.275,35,260121-box2_pair 3.csv
300,504,405.9487542,26.13448857,0.003556599,0.026847325,0.021068403,0.026273174,0.008416168,41.835,35,260121-box2_pair 3.csv
301,22,265.5260325,25.98449152,0.00321012,0.027619729,0.016629753,0.008110787,0.002545701,12.54,36,260121-box1_pair 1.csv
302,26,311.2447054,25.13779194,0.002264976,0.027606841,0.023938613,0.01341401,0.004506527,17.555,36,260121-box1_pair 1.csv
303,42,376.9953631,24.01076594,0.001821226,0.025982458,0.02704967,0.027561831,0.011428427,23.99,36,260121-box1_pair 1.csv
304,50,383.6328349,23.6704942,0.001825629,0.024592749,0.027098372,0.0301159,0.013866243,25.79,36,260121-box1_pair 1.csv
305,65,413.5785843,23.39244656,0.001897803,0.023806387,0.026051768,0.033090418,0.015803014,30.97,36,260121-box1_pair 1.csv
306,124,507.2744303,22.88385281,0.002063365,0.021767886,0.028762543,0.039094956,0.015111241,33.885,36,260121-box1_pair 1.csv
307,168,529.8380519,22.78767562,0.002102164,0.021193007,0.028845892,0.041356882,0.014358159,37.585,36,260121-box1_pair 1.csv
308,336,551.7465815,22.53785829,0.002037327,0.020133116,0.028856961,0.043267527,0.01557279,39.275,36,260121-box1_pair 1.csv
309,504,552.9222552,22.38221816,0.002040812,0.02043982,0.027458382,0.043358959,0.016316375,41.835,36,260121-box1_pair 1.csv
310,17,477.5120608,37.68200452,0.00040903,0.004781044,0.003030132,0.001252085,0.000299757,14.47,37,210321-box3_6.csv
311,22,547.3509291,35.65498303,0.000405535,0.005486104,0.002692721,0.001526182,0.000771936,18.155,37,210321-box3_6.csv
312,26,568.6858344,34.67858208,0.000391329,0.005739466,0.002576405,0.001809549,0.001131775,20.31,37,210321-box3_6.csv
313,66,670.8180201,32.02458913,0.000304281,0.005755809,0.002387482,0.003701022,0.002223636,30.415,37,210321-box3_6.csv
314,120,726.3677084,31.29618008,0.000293397,0.005643511,0.002326218,0.004079843,0.002597147,34.585,37,210321-box3_6.csv
315,168,716.4534669,31.01081634,0.000309547,0.005433197,0.002363545,0.004151654,0.002647844,35.945,37,210321-box3_6.csv
316,255,709.6021337,30.71449057,0.000315315,0.005308705,0.002305909,0.004126975,0.0027995,37.575,37,210321-box3_6.csv
317,336,718.3947002,30.60118185,0.000338497,0.005357168,0.002364468,0.004116955,0.002882421,38.775,37,210321-box3_6.csv
318,36,294.0578143,27.70980017,0.000736765,0.002270478,0.001692502,0.002552966,0.000577431,23.365,38,240421-Box 3_pair5.csv
319,60,365.1318022,26.76072922,0.000769389,0.002751069,0.001364508,0.003144684,0.000916419,29.015,38,240421-Box 3_pair5.csv
320,108,407.1822811,26.09476476,0.000779648,0.00282824,0.001444562,0.003324491,0.000984457,35.25,38,240421-Box 3_pair5.csv
321,179,434.6402966,25.8649574,0.000777125,0.002579167,0.001454894,0.003533039,0.001241704,36.76,38,240421-Box 3_pair5.csv
322,350,444.4587992,25.65008325,0.000778348,0.002714189,0.001306908,0.003827186,0.001612667,42.835,38,240421-Box 3_pair5.csv
323,664,468.1336099,25.53074857,0.000822141,0.002840498,0.001504207,0.003989368,0.002009153,44.66,38,240421-Box 3_pair5.csv
324,17,228.6355148,28.12594972,0.00033823,0.001789355,0.000957835,0.000708954,0.000304977,13.96,39,070321-box3_5.csv
325,21,273.3693228,26.84230884,0.000366376,0.001960632,0.001304045,0.000947336,0.000412523,17.95,39,070321-box3_5.csv
326,28,334.0380902,25.80547854,0.000363999,0.002128803,0.001732592,0.001360448,0.000662342,22.595,39,070321-box3_5.csv
327,40,362.7300051,25.11591316,0.000356055,0.002084176,0.001934284,0.001840599,0.000908145,27.90333333,39,070321-box3_5.csv
328,51,352.1564823,24.76230041,0.000383228,0.002314075,0.001733339,0.001826987,0.000782238,29.435,39,070321-box3_5.csv
329,65,379.5547071,24.50418037,0.000417126,0.002504424,0.001987718,0.001849457,0.000839873,32.56,39,070321-box3_5.csv
330,120,449.2778294,24.07412224,0.000390278,0.002290333,0.002639357,0.002544382,0.001402004,35.985,39,070321-box3_5.csv
331,168,464.0064753,23.88189204,0.000381258,0.002362909,0.002578452,0.002740194,0.001423674,37.49666667,39,070321-box3_5.csv
332,258,470.3550553,23.75490079,0.000363162,0.001840314,0.002666351,0.003220173,0.001608704,40.09,39,070321-box3_5.csv
333,336,458.1769095,23.6924874,0.000354012,0.001707819,0.002609385,0.003238526,0.001371927,41.90333333,39,070321-box3_5.csv
334,504,490.8513675,23.54345328,0.000350556,0.001880115,0.002585324,0.00372702,0.001431775,45.825,39,070321-box3_5.csv
335,21,395.3615958,27.6777329,0.000339081,0.003162981,0.002253571,0.00099174,0.000530283,17.95,40,070321-box1_1.csv
336,28,453.9047038,26.62525018,0.000359618,0.003344881,0.00252104,0.001714104,0.000575454,22.595,40,070321-box1_1.csv
337,40,494.8722054,25.93280391,0.000379933,0.003234656,0.002599658,0.002417487,0.000726386,27.90333333,40,070321-box1_1.csv
338,51,503.4533342,25.53564969,0.0003806,0.003091483,0.00274093,0.002377498,0.000910864,29.435,40,070321-box1_1.csv
339,65,518.3638504,25.27942971,0.000389731,0.003069,0.002847866,0.002475297,0.001032294,32.56,40,070321-box1_1.csv
340,120,545.2379424,24.79237755,0.000415674,0.002449496,0.002308777,0.003356159,0.001473027,35.985,40,070321-box1_1.csv
341,168,580.3970163,24.63221993,0.000416938,0.002300163,0.002408111,0.003645637,0.001566119,37.49666667,40,070321-box1_1.csv
342,258,604.4165377,24.48928525,0.000410803,0.002719348,0.002510147,0.003458895,0.001854343,40.09,40,070321-box1_1.csv
343,336,613.9847174,24.43046463,0.000396976,0.002686697,0.002697281,0.003417048,0.001907675,41.90333333,40,070321-box1_1.csv
344,504,628.5306345,24.36739394,0.000405222,0.003156359,0.003007579,0.003103575,0.001909364,45.825,40,070321-box1_1.csv
345,21.5,308.6067113,28.10741567,0.000448112,0.003248585,0.001765591,0.001054706,0.000321988,11.78,41,020521-box 5 regular_pair10.csv
346,34,428.3593911,26.54783793,0.000486192,0.004043002,0.002325654,0.001643933,0.000696209,22.79,41,020521-box 5 regular_pair10.csv
347,46,459.2938111,25.95494846,0.000468852,0.004079506,0.002264481,0.00235333,0.000831751,26.64,41,020521-box 5 regular_pair10.csv
348,84,481.1504402,25.15010759,0.000464331,0.003540284,0.002186755,0.003072784,0.001125694,34.63,41,020521-box 5 regular_pair10.csv
349,161,513.7280306,24.62996357,0.000459707,0.003156228,0.00250723,0.004091897,0.001458665,40.31,41,020521-box 5 regular_pair10.csv
350,350,524.5706589,24.25570017,0.000485476,0.003048431,0.003063892,0.004213073,0.001507446,42.7,41,020521-box 5 regular_pair10.csv
351,693,523.7684676,24.15238607,0.000476531,0.003376404,0.002588964,0.003196046,0.001919653,47.14,41,020521-box 5 regular_pair10.csv
352,34,556.4552395,28.78960367,0.000616192,0.004398818,0.002930862,0.003107497,0.000802523,22.79,42,020521-box 1 no adas_pair 2.csv
353,46,576.2209515,27.88603437,0.000623734,0.00422357,0.00241361,0.003561854,0.001014812,26.64,42,020521-box 1 no adas_pair 2.csv
354,84,634.0583316,26.8059276,0.0006049,0.003896933,0.00222926,0.004122601,0.000942142,34.63,42,020521-box 1 no adas_pair 2.csv
355,161,650.596503,26.15013543,0.000602949,0.003635297,0.002213218,0.004481257,0.000966209,40.31,42,020521-box 1 no adas_pair 2.csv
356,350,666.8518939,25.6913372,0.000599912,0.003164715,0.002342027,0.00459886,0.001187005,42.7,42,020521-box 1 no adas_pair 2.csv
357,693,745.7604083,25.45007669,0.000658891,0.003254972,0.00274394,0.005568547,0.001403809,47.14,42,020521-box 1 no adas_pair 2.csv
358,30,531.8358584,29.80367638,0.00035234,0.005341319,0.001478275,0.001398603,0.000248765,19.89,43,070221-box3_Pair 6 C.csv
359,42,628.9964059,28.78000103,0.000435758,0.005858641,0.001606776,0.002141929,0.000443995,23.93,43,070221-box3_Pair 6 C.csv
360,50,652.9302321,28.3884752,0.000478254,0.005801748,0.001654982,0.0023643,0.000606595,25.755,43,070221-box3_Pair 6 C.csv
361,66,683.5646683,27.88354357,0.000487393,0.005797956,0.001668917,0.00256306,0.000817842,30.09,43,070221-box3_Pair 6 C.csv
362,120,753.6572408,27.18047678,0.000474272,0.006251059,0.002118288,0.003109182,0.000920041,33.965,43,070221-box3_Pair 6 C.csv
363,168,748.8465342,27.18685768,0.000498597,0.006105715,0.001986252,0.002978091,0.000945313,36.31333333,43,070221-box3_Pair 6 C.csv
364,240,833.6200502,26.8206664,0.000488587,0.006545889,0.002111746,0.003584391,0.001090258,38.995,43,070221-box3_Pair 6 C.csv
365,336,867.8041388,26.67010285,0.000520987,0.006828368,0.002146239,0.003717552,0.001081555,41.045,43,070221-box3_Pair 6 C.csv
366,552,847.7348353,26.55128689,0.000537142,0.006257625,0.002116398,0.004048887,0.001042096,39.795,43,070221-box3_Pair 6 C.csv
367,36,439.5419472,27.42205838,0.000373375,0.003915567,0.001515765,0.001906907,0.000705769,23.365,44,240421-Box 2_pair3.csv
368,60,519.9424602,26.49926677,0.000371091,0.003764571,0.00144966,0.002992338,0.00125835,29.015,44,240421-Box 2_pair3.csv
369,108,544.8789744,25.80911249,0.000391786,0.003556705,0.001473474,0.003512809,0.001326916,35.25,44,240421-Box 2_pair3.csv
370,179,578.8661144,25.53324446,0.000405965,0.003262955,0.001495298,0.00408337,0.001546793,36.76,44,240421-Box 2_pair3.csv
371,42,412.2112231,29.13282979,0.004075865,0.0523579,0.012930241,0.010915284,0.007078231,23.99,45,260121-box3_pair 6.csv
372,50,409.1655219,28.6917631,0.004071647,0.052299875,0.013062206,0.011189479,0.008595313,25.79,45,260121-box3_pair 6.csv
373,65,399.6420696,28.22596068,0.003957078,0.051602302,0.013466505,0.012508242,0.011537053,30.97,45,260121-box3_pair 6.csv
374,124,397.3703752,27.60353121,0.003911258,0.047439507,0.014524472,0.015158859,0.011670556,33.885,45,260121-box3_pair 6.csv
375,168,396.1586667,27.40667566,0.003965812,0.045141275,0.015560168,0.015517394,0.011466074,37.585,45,260121-box3_pair 6.csv
376,240,414.2464079,27.24701496,0.003845212,0.04572529,0.014275261,0.017198029,0.012424184,38.19,45,260121-box3_pair 6.csv
377,336,430.3991603,27.08865856,0.003878817,0.045826251,0.014627939,0.018112893,0.012613253,39.275,45,260121-box3_pair 6.csv
378,504,446.7798022,26.90279246,0.003851767,0.046396927,0.014393451,0.020643251,0.012779445,41.835,45,260121-box3_pair 6.csv
379,21.5,291.8858295,27.00678301,0.000448966,0.001923926,0.003453196,0.000919999,0.000203499,11.78,46,020521-box 6 regular_pair11.csv
380,34,406.8852356,32.18546022,0.000358652,0.002279582,0.004085071,0.002215195,0.00050926,22.79,46,020521-box 6 regular_pair11.csv
381,46,550.400542,31.39825721,0.000329136,0.00246419,0.005374346,0.003496856,0.000866703,26.64,46,020521-box 6 regular_pair11.csv
382,84,658.2604647,30.355097,0.000300514,0.002549012,0.005116338,0.004786846,0.001043961,34.63,46,020521-box 6 regular_pair11.csv
383,161,663.2072546,29.67196247,0.000298864,0.002590088,0.003902354,0.005320439,0.001373211,40.31,46,020521-box 6 regular_pair11.csv
384,350,686.1245247,29.18848344,0.000274049,0.002604229,0.003349653,0.005936418,0.001710981,42.7,46,020521-box 6 regular_pair11.csv
385,693,692.3801642,28.9238364,0.000271321,0.002777875,0.003166858,0.006193992,0.001750083,47.14,46,020521-box 6 regular_pair11.csv
386,25,321.8758898,27.10946157,0.000800177,0.003098823,0.001127787,0.00144707,0.000428099,21.615,47,210517-Box1_pair1.csv
387,37,392.3868552,26.1510346,0.000888579,0.003157406,0.001416952,0.002253784,0.000694813,27.855,47,210517-Box1_pair1.csv
388,61.5,446.3301419,25.36095253,0.000922581,0.003134669,0.001410322,0.003022537,0.000911857,34.705,47,210517-Box1_pair1.csv
389,103,430.4057212,24.83273662,0.000905041,0.002947964,0.001568459,0.00290847,0.001071146,38,47,210517-Box1_pair1.csv
390,172,421.1630513,24.62728085,0.000890434,0.002912672,0.00156253,0.002978033,0.0010629,39.9,47,210517-Box1_pair1.csv
391,349,429.29724,24.37575031,0.000894432,0.002895842,0.001679257,0.003375297,0.001151954,45.58,47,210517-Box1_pair1.csv
392,672,416.4201993,24.23549824,0.000903183,0.002612928,0.001599131,0.003075496,0.001231501,52.07,47,210517-Box1_pair1.csv
393,22,373.7389908,28.79098121,0.000403721,0.004043055,0.000789661,0.001203105,0.000359159,11.615,48,240421-Box 1_pair 1.csv
394,36,470.9704211,26.82405012,0.000451807,0.004407148,0.001191537,0.002567025,0.000970276,23.365,48,240421-Box 1_pair 1.csv
395,60,499.7932361,25.88792834,0.000457242,0.004146017,0.001380171,0.002798032,0.000863632,29.015,48,240421-Box 1_pair 1.csv
396,108,494.1314547,25.31003431,0.000461743,0.003865712,0.001418945,0.002724272,0.001327906,35.25,48,240421-Box 1_pair 1.csv
397,179,512.5933727,25.07985768,0.000446813,0.003704646,0.001553802,0.003065815,0.001473364,36.76,48,240421-Box 1_pair 1.csv
398,350,513.8612333,24.83421671,0.000446699,0.003490022,0.001278516,0.003610049,0.001420717,42.835,48,240421-Box 1_pair 1.csv
399,664,538.4068428,24.66545707,0.00045903,0.003522622,0.001190502,0.003855202,0.001679917,44.66,48,240421-Box 1_pair 1.csv
400,21.5,351.2950575,27.63618443,0.000452236,0.002770969,0.00220827,0.000648635,0.000335662,11.78,49,020521-box 5 regular_pair9.csv
401,34,441.621424,26.14430787,0.000487699,0.003276466,0.002942985,0.001666743,0.000881446,22.79,49,020521-box 5 regular_pair9.csv
402,46,448.8230556,25.59244847,0.000492535,0.00337688,0.002522663,0.002102458,0.001033663,26.64,49,020521-box 5 regular_pair9.csv
403,84,489.220422,24.84762791,0.000491443,0.003414744,0.002064376,0.00264425,0.001456262,34.63,49,020521-box 5 regular_pair9.csv
404,161,502.1795806,24.36089576,0.000480789,0.002960761,0.002145299,0.003253827,0.001706596,40.31,49,020521-box 5 regular_pair9.csv
405,350,551.5136056,24.11230153,0.000517256,0.002864825,0.002154771,0.003881437,0.001716929,42.7,49,020521-box 5 regular_pair9.csv
406,693,601.4478023,23.99293301,0.000584244,0.003072728,0.001792847,0.004596142,0.00223562,47.14,49,020521-box 5 regular_pair9.csv
407,25,431.8186736,27.80754217,0.000766127,0.003241349,0.001695918,0.002240315,0.000523486,21.615,50,210517-Box3_pair3.csv
408,37,584.0838091,26.76402233,0.000860299,0.003384979,0.001863191,0.004109349,0.000866373,27.855,50,210517-Box3_pair3.csv
409,61.5,729.017706,25.93495217,0.000941383,0.003457128,0.002063574,0.005663747,0.000840838,34.705,50,210517-Box3_pair3.csv
410,103,811.9151501,25.36874849,0.00092566,0.003173562,0.001941047,0.006652566,0.000883923,38,50,210517-Box3_pair3.csv
411,172,806.2150873,25.13799143,0.000884375,0.002952969,0.001858936,0.006713899,0.001066105,39.9,50,210517-Box3_pair3.csv
412,349,803.4007989,24.86930737,0.000964661,0.003065217,0.001918674,0.006399906,0.001289588,45.58,50,210517-Box3_pair3.csv
413,672,783.2671883,24.73419116,0.000918353,0.003009371,0.001697336,0.006349788,0.001834383,52.07,50,210517-Box3_pair3.csv
414,34,641.7538093,28.71191959,0.000521101,0.00373307,0.00272409,0.004400382,0.000617934,22.79,51,020521-box 2 no adas_pair 4.csv
415,46,740.5354726,27.8046452,0.000511854,0.003545478,0.002685366,0.005625107,0.000702177,26.64,51,020521-box 2 no adas_pair 4.csv
416,84,796.7130916,26.71972767,0.000514969,0.003329188,0.002774306,0.006661637,0.000992888,34.63,51,020521-box 2 no adas_pair 4.csv
417,161,784.6804123,26.07162234,0.000520961,0.003078865,0.002639225,0.006894521,0.001104879,40.31,51,020521-box 2 no adas_pair 4.csv
418,350,766.9670963,25.66087617,0.000544601,0.002904522,0.002436734,0.006627952,0.00124468,42.7,51,020521-box 2 no adas_pair 4.csv
419,693,856.6088225,25.43771283,0.000542788,0.00319931,0.002493365,0.006875821,0.001589356,47.14,51,020521-box 2 no adas_pair 4.csv
420,17,576.0303108,32.5182449,0.000756417,0.003452021,0.004243289,0.002164101,0.000413461,14.47,52,210321-box2_4.csv
421,22,613.2301809,30.80690158,0.000797153,0.003913507,0.003537325,0.003326098,0.000717059,18.155,52,210321-box2_4.csv
422,26,695.3767835,29.96909472,0.000861357,0.004289543,0.00350206,0.004153803,0.000889934,20.31,52,210321-box2_4.csv
423,40,812.1280841,28.81418234,0.000910283,0.004745135,0.003177298,0.005365884,0.001158072,25.4,52,210321-box2_4.csv
424,66,806.8105556,27.81207836,0.000850722,0.004607117,0.002396822,0.005895096,0.001298217,30.415,52,210321-box2_4.csv
425,120,858.77626,27.23313744,0.000756295,0.004394772,0.002191525,0.006497679,0.001590618,34.585,52,210321-box2_4.csv
426,168,864.8732846,26.946984,0.0007087,0.004543659,0.002080178,0.006617689,0.001532278,35.945,52,210321-box2_4.csv
427,255,900.6384534,26.72676989,0.000746021,0.004218893,0.002099558,0.007087141,0.00154822,37.575,52,210321-box2_4.csv
428,504,956.758409,26.38330743,0.000716341,0.004208726,0.002198393,0.007607475,0.002101749,41.01,52,210321-box2_4.csv
429,36,384.9814485,27.646851,0.000534758,0.003878244,0.001074238,0.002191198,0.00102266,23.365,53,240421-Box 3_pari6.csv
430,60,455.7550597,26.72043078,0.000578845,0.004117073,0.001096287,0.002500795,0.001594028,29.015,53,240421-Box 3_pari6.csv
431,108,471.8887376,25.98904249,0.000638523,0.004035679,0.000998198,0.002991098,0.001636637,35.25,53,240421-Box 3_pari6.csv
432,179,458.249636,25.79549091,0.000641985,0.003687585,0.001163009,0.002990187,0.001414367,36.76,53,240421-Box 3_pari6.csv
433,350,479.1336904,25.58883711,0.000654982,0.003555767,0.001288512,0.003874098,0.001631527,42.835,53,240421-Box 3_pari6.csv
434,664,462.3083685,25.40597685,0.000689787,0.003404485,0.001427398,0.00380427,0.001640799,44.66,53,240421-Box 3_pari6.csv
435,25,319.7178269,27.28112851,0.000743393,0.002276031,0.001028202,0.00214939,0.000466655,21.615,54,210517-Box2_pair2.csv
436,37,381.6516912,26.34271917,0.000740601,0.002470257,0.001043521,0.002741704,0.000805217,27.855,54,210517-Box2_pair2.csv
437,61.5,414.1034307,25.5774373,0.000751798,0.00249119,0.001056771,0.00290977,0.001008601,34.705,54,210517-Box2_pair2.csv
438,103,416.2272091,25.01354018,0.000782921,0.002477348,0.000928892,0.002996442,0.001082519,38,54,210517-Box2_pair2.csv
439,172,408.8816959,24.81787232,0.000809263,0.002433697,0.000959178,0.003009128,0.001109984,39.9,54,210517-Box2_pair2.csv
440,349,396.3653096,24.47287745,0.000762322,0.002248589,0.000946542,0.002877217,0.001130439,45.58,54,210517-Box2_pair2.csv
441,672,410.8463464,24.36203372,0.000747574,0.002006948,0.001285545,0.003120264,0.001339584,52.07,54,210517-Box2_pair2.csv
442,17,310.7814556,32.54215372,0.00044946,0.002610651,0.001514851,0.000757534,0.000301843,13.96,55,070321-box2_3.csv
443,21,395.9258145,30.78525806,0.000405136,0.003051345,0.002277521,0.001576625,0.00040549,17.95,55,070321-box2_3.csv
444,28,495.3705775,29.31292248,0.000397403,0.003425572,0.002836086,0.002290847,0.000600611,22.595,55,070321-box2_3.csv
445,40,577.9879126,28.23587412,0.000425718,0.003809113,0.003021062,0.002796871,0.000793776,27.90333333,55,070321-box2_3.csv
446,51,597.3342546,27.7310778,0.000415538,0.003874494,0.003119182,0.002971813,0.001006082,29.435,55,070321-box2_3.csv
447,65,607.1512983,27.30287949,0.000423907,0.003951968,0.003013853,0.002920918,0.001224712,32.56,55,070321-box2_3.csv
448,120,678.9197023,26.61946353,0.00045575,0.004376174,0.002957157,0.003655913,0.001269131,35.985,55,070321-box2_3.csv
449,168,670.0736357,26.41283463,0.000478483,0.004086193,0.002816385,0.003664172,0.001444332,37.49666667,55,070321-box2_3.csv
450,258,691.0649095,26.2010891,0.000487363,0.003817832,0.002886614,0.003901482,0.001804126,40.09,55,070321-box2_3.csv
451,336,704.111381,26.11574332,0.000480496,0.003700974,0.002829923,0.004074007,0.001931724,41.90333333,55,070321-box2_3.csv
452,504,716.2048475,25.9760879,0.000521466,0.003473908,0.002941827,0.004204684,0.002155542,45.825,55,070321-box2_3.csv
453,50,425.2596754,34.14757709,0.003438096,0.038708506,0.025267004,0.012030946,0.003841633,25.79,56,260121-box3_pair 5.csv
454,65,426.6511277,33.67505863,0.003256334,0.035016596,0.026139627,0.016323729,0.005606827,30.97,56,260121-box3_pair 5.csv
455,124,487.7327294,32.70025021,0.003569929,0.035547645,0.027588971,0.023807347,0.005546358,33.885,56,260121-box3_pair 5.csv
456,168,496.9938726,32.49812524,0.00358083,0.034220628,0.028265357,0.026331954,0.005987726,37.585,56,260121-box3_pair 5.csv
457,240,507.9271348,32.26261934,0.003560655,0.032130615,0.028242438,0.027342662,0.007041344,38.19,56,260121-box3_pair 5.csv
458,336,503.2525636,32.08637238,0.003562089,0.030425572,0.028661666,0.027529041,0.007155526,39.275,56,260121-box3_pair 5.csv
459,504,497.9991562,31.91020426,0.003611775,0.028996203,0.029411299,0.02662094,0.006826909,41.835,56,260121-box3_pair 5.csv
460,50,424.5726652,33.81632569,0.001053414,0.004999241,0.001582437,0.001505786,0.000436818,13.14,57,210608-box2_pair4.csv
461,123,536.1241173,32.00224103,0.000955158,0.005144223,0.002477524,0.003182662,0.000663477,18.665,57,210608-box2_pair4.csv
462,168,561.4782232,31.57170755,0.000913899,0.005194063,0.002479025,0.003365627,0.000784869,20.945,57,210608-box2_pair4.csv
463,27,228.6533394,30.48517511,0.000687255,0.002359559,0.001150054,0.000677258,0.000211383,9.77,58,210608-box3_pair6.csv
464,33.5,235.0519218,30.01691635,0.000667731,0.002254929,0.00129697,0.000742139,0.000234552,11.83,58,210608-box3_pair6.csv
465,50,246.2144981,29.32617082,0.000670532,0.002385626,0.001449474,0.001216834,0.000281067,13.14,58,210608-box3_pair6.csv
466,123,311.2443543,28.08435518,0.000667817,0.003102585,0.001693101,0.00183986,0.000631965,18.665,58,210608-box3_pair6.csv
467,168,347.137628,27.76106927,0.000681272,0.003042177,0.002255829,0.002225507,0.000880614,20.945,58,210608-box3_pair6.csv
468,21,194.2780975,28.22565144,0.00048167,0.001695493,0.001163253,0.000602939,0.000104464,14.015,59,210614-box1_pair2.csv
469,32,273.7507266,27.04579535,0.000543836,0.001850617,0.00131661,0.001463011,0.000507649,19.395,59,210614-box1_pair2.csv
470,46,297.6772207,26.42753508,0.000555255,0.001881514,0.001552824,0.001677046,0.00067189,24.925,59,210614-box1_pair2.csv
471,58,325.7283708,26.18042219,0.000540656,0.001907619,0.001721173,0.002198159,0.000780821,25.675,59,210614-box1_pair2.csv
472,81,390.3437326,25.84928198,0.000572429,0.001885129,0.001780085,0.003170278,0.000865383,27.345,59,210614-box1_pair2.csv
473,119,459.6898156,25.55236951,0.000609773,0.001925829,0.001745791,0.004161375,0.000981739,30.91,59,210614-box1_pair2.csv
474,168,535.5625425,25.30799012,0.000619308,0.0021579,0.001812426,0.004990588,0.00106527,34.3,59,210614-box1_pair2.csv
475,50,352.0185932,28.98092658,0.000697133,0.003939155,0.001695622,0.000968894,0.000356712,13.14,60,210608-box2_pair3.csv
476,123,409.8012895,27.63632969,0.000728345,0.004299623,0.002095836,0.001707114,0.0006688,18.665,60,210608-box2_pair3.csv
477,168,417.1149966,27.32814932,0.000727191,0.004182512,0.001943305,0.00218461,0.00077481,20.945,60,210608-box2_pair3.csv
478,21,167.2047113,26.71375365,0.000594777,0.001583232,0.000581126,0.000593551,0.000204834,14.015,61,210614-box2_pair3.csv
479,32,186.0364698,23.2819111,0.000589316,0.001515797,0.000676018,0.001155331,0.00037072,19.395,61,210614-box2_pair3.csv
480,46,200.6219801,22.82362905,0.000632239,0.001792865,0.000762136,0.001279514,0.000448187,24.925,61,210614-box2_pair3.csv
481,58,212.5440039,22.571977,0.000636383,0.001941299,0.000774913,0.001496117,0.000537341,25.675,61,210614-box2_pair3.csv
482,81,221.7471258,22.2445754,0.000628594,0.001996406,0.000851695,0.001747982,0.000626453,27.345,61,210614-box2_pair3.csv
483,119,236.4815698,21.96207294,0.000631634,0.001961556,0.000962404,0.001692752,0.000737018,30.91,61,210614-box2_pair3.csv
484,168,240.5346365,21.79809541,0.000604686,0.001860835,0.000942287,0.001640464,0.00088052,34.3,61,210614-box2_pair3.csv
485,27,276.9924494,30.41807442,0.00061203,0.002973132,0.001893606,0.000740603,0.000304171,9.77,62,210608-box1_pair2.csv
486,33.5,307.2555411,30.0012011,0.000609693,0.003152316,0.00225476,0.001026361,0.000406722,11.83,62,210608-box1_pair2.csv
487,50,331.7021332,29.34715087,0.000673381,0.003566224,0.002682986,0.001377082,0.000416186,13.14,62,210608-box1_pair2.csv
488,123,380.9088513,28.0852632,0.000663243,0.003105656,0.00290941,0.002730621,0.001038082,18.665,62,210608-box1_pair2.csv
489,168,387.1120727,27.78920667,0.000635359,0.00320907,0.002527501,0.002901401,0.00113552,20.945,62,210608-box1_pair2.csv
490,21,243.8391315,26.64638841,0.00051033,0.002354435,0.00097475,0.000657601,0.000215778,14.015,63,210614-box3_pair6.csv
491,32,324.4483801,25.05812103,0.000602627,0.003485292,0.000619088,0.001043467,0.000387617,19.395,63,210614-box3_pair6.csv
492,46,353.0427787,24.48630807,0.000615101,0.003592174,0.00079262,0.001665256,0.000430908,24.925,63,210614-box3_pair6.csv
493,58,366.2122858,24.2854392,0.000633607,0.003577002,0.000884233,0.001970181,0.000486898,25.675,63,210614-box3_pair6.csv
494,81,372.2628397,23.992672,0.00067069,0.003485081,0.000933391,0.002084044,0.000584404,27.345,63,210614-box3_pair6.csv
495,119,378.1875797,23.7757408,0.00068418,0.003435109,0.00092672,0.002303285,0.000674959,30.91,63,210614-box3_pair6.csv
496,168,393.3040703,23.54056986,0.000700474,0.003404912,0.001111263,0.002561645,0.000765932,34.3,63,210614-box3_pair6.csv
497,32,274.3622596,25.56803337,0.000585773,0.002695867,0.000899264,0.001180687,0.00030237,19.395,64,210614-box3_pair5.csv
498,46,315.615325,24.98444517,0.000636729,0.003030235,0.001177632,0.001220732,0.000563302,24.925,64,210614-box3_pair5.csv
499,58,342.1370131,24.75471955,0.00064162,0.003131731,0.001364625,0.001295494,0.00068805,25.675,64,210614-box3_pair5.csv
500,81,357.519673,24.45634362,0.000675701,0.003181147,0.001352373,0.001398545,0.000796563,27.345,64,210614-box3_pair5.csv
501,119,363.6416344,24.20725027,0.000669748,0.003169841,0.001336859,0.001496833,0.000805325,30.91,64,210614-box3_pair5.csv
502,168,367.6435289,23.96780474,0.000714921,0.003199728,0.001390308,0.00164216,0.00079561,34.3,64,210614-box3_pair5.csv
503,50,367.0569653,29.28139715,0.000812111,0.004151949,0.001641414,0.001217501,0.000385743,13.14,65,210608-box3_pair5.csv
504,123,440.7217136,27.85507472,0.000772321,0.004563271,0.001591495,0.002545607,0.0006022,18.665,65,210608-box3_pair5.csv
505,168,468.8752903,27.48792252,0.000782313,0.004312443,0.001673367,0.002843863,0.000898215,20.945,65,210608-box3_pair5.csv
506,21,287.7216621,27.10535554,0.000423342,0.002643145,0.001168092,0.001295108,0.000336732,14.015,66,210614-box2_pair4.csv
507,32,365.4234589,26.24852275,0.000423739,0.003105894,0.001273436,0.002104083,0.000402574,19.395,66,210614-box2_pair4.csv
508,46,402.1525927,25.69103546,0.000414215,0.003197349,0.001328808,0.002608528,0.000596837,24.925,66,210614-box2_pair4.csv
509,58,429.554571,25.48102665,0.00039995,0.003385054,0.00144784,0.002749472,0.000803811,25.675,66,210614-box2_pair4.csv
510,81,443.6671831,25.165302,0.000389564,0.003221238,0.001598521,0.00283781,0.001046557,27.345,66,210614-box2_pair4.csv
511,119,451.0520564,24.89911118,0.000409115,0.002914578,0.001767771,0.002927872,0.001229784,30.91,66,210614-box2_pair4.csv
512,168,476.5822815,24.64688318,0.000412909,0.00291885,0.001910039,0.003129897,0.001392334,34.3,66,210614-box2_pair4.csv
513,50,477.5334376,30.01832418,0.000875727,0.004542685,0.002885517,0.001341613,0.000525858,13.14,67,210608-box1_pair1.csv
514,123,526.729435,28.76085839,0.000909196,0.004731715,0.002703425,0.002598361,0.000905689,18.665,67,210608-box1_pair1.csv
515,168,526.4342109,28.42362562,0.000873975,0.003985789,0.00272274,0.002782502,0.001157028,20.945,67,210608-box1_pair1.csv
516,21,152.746446,30.9427786,0.000540809,0.001483498,0.00058011,0.0006523,0.000246376,14.015,68,210614-box1_pair1.csv
517,32,219.9708983,29.76079519,0.000500886,0.001988437,0.000615984,0.001249232,0.000447581,19.395,68,210614-box1_pair1.csv
518,46,258.3837189,29.03823819,0.000502891,0.002261124,0.000634972,0.001506462,0.000415637,24.925,68,210614-box1_pair1.csv
519,58,281.5644125,28.77388268,0.000515684,0.002328486,0.000733894,0.001660184,0.000510879,25.675,68,210614-box1_pair1.csv
520,81,287.044041,28.4018543,0.000521621,0.002253233,0.00088246,0.001679499,0.000757741,27.345,68,210614-box1_pair1.csv
521,119,304.440638,28.03854551,0.000520906,0.002161256,0.001115202,0.001893007,0.001015435,30.91,68,210614-box1_pair1.csv
522,168,332.8424916,27.77012217,0.000506902,0.0021742,0.001178345,0.002211375,0.001187532,34.3,68,210614-box1_pair1.csv
523,29,331.5605132,30.25827504,0.000800517,0.003296561,0.001296292,0.00129937,0.000139575,15.935,69,210704-box2_pair3.csv
524,45,482.3283965,28.4307702,0.000833767,0.003909924,0.001551594,0.002896994,0.000402826,21.59,69,210704-box2_pair3.csv
525,67,539.1437784,27.48550735,0.0008264,0.003551354,0.001357257,0.003501446,0.000536138,24.495,69,210704-box2_pair3.csv
526,94,595.2356255,26.91252045,0.000847374,0.003599322,0.001594332,0.004068143,0.000725699,28.785,69,210704-box2_pair3.csv
527,125,598.8862618,26.5739292,0.000824181,0.003586241,0.001601427,0.004130677,0.00069618,29.305,69,210704-box2_pair3.csv
528,168,588.3306047,26.31183292,0.000832917,0.003505178,0.00137136,0.004158204,0.000915364,30.91666667,69,210704-box2_pair3.csv
529,21,290.831302,28.44506004,0.00046788,0.002598621,0.001310153,0.000837848,0.000130063,9.17,70,210620-box2_pair4.csv
530,33,376.7250766,27.4684728,0.000526629,0.003600772,0.001191001,0.001553162,0.00029463,13.105,70,210620-box2_pair4.csv
531,53,477.7709479,26.74710076,0.000543727,0.004255421,0.001127714,0.002111259,0.000377026,15.89,70,210620-box2_pair4.csv
532,100,508.9146087,26.04331305,0.00061853,0.004152074,0.00102821,0.002484877,0.00052558,19.425,70,210620-box2_pair4.csv
533,168,539.9449804,25.76471284,0.000542889,0.00413248,0.001100607,0.003038225,0.000615008,19.48333333,70,210620-box2_pair4.csv
534,336,578.2573145,25.51013537,0.000482115,0.004074967,0.001137513,0.003815097,0.000796567,23.56,70,210620-box2_pair4.csv
535,29,215.4411407,29.38545764,0.000599087,0.001319662,0.00122751,0.001087188,0.000191028,15.935,71,210704-box2_pair4.csv
536,45,296.8254754,27.68887071,0.000635097,0.001652242,0.001317752,0.002165006,0.000468593,21.59,71,210704-box2_pair4.csv
537,67,371.5130807,26.79186349,0.000596376,0.001834736,0.001403877,0.00290345,0.000646505,24.495,71,210704-box2_pair4.csv
538,94,410.0138062,26.24464543,0.000605533,0.001937274,0.001320483,0.003285142,0.000647622,28.785,71,210704-box2_pair4.csv
539,125,417.7612546,25.896952,0.000614261,0.0019134,0.001179277,0.003251242,0.000788486,29.305,71,210704-box2_pair4.csv
540,168,439.0361388,25.64022665,0.000593202,0.001837036,0.001284303,0.003373281,0.001027666,30.91666667,71,210704-box2_pair4.csv
541,45,448.6594936,28.00396329,0.000561214,0.004635254,0.00132205,0.00189289,0.000312809,21.59,72,210704-box3_pair5.csv
542,67,498.9388838,26.998429,0.000558075,0.0047786,0.001329048,0.002401252,0.000688506,24.495,72,210704-box3_pair5.csv
543,94,533.6422759,26.41208507,0.000554401,0.005081603,0.001484633,0.002387261,0.00082345,28.785,72,210704-box3_pair5.csv
544,125,523.1491757,26.05995023,0.000538513,0.005098942,0.001336727,0.002193165,0.000884873,29.305,72,210704-box3_pair5.csv
545,168,533.7674681,25.80196606,0.000501164,0.005246838,0.00144813,0.002443888,0.000847322,30.91666667,72,210704-box3_pair5.csv
546,33,346.1683583,28.0281688,0.000545348,0.004345686,0.001633478,0.001209263,0.000280089,13.105,73,210620-box1_pair1.csv
547,53,400.0474266,27.21766924,0.000523105,0.004142721,0.001902671,0.001684459,0.000455978,15.89,73,210620-box1_pair1.csv
548,100,450.2339571,26.46209747,0.000511779,0.004271246,0.00197941,0.002216144,0.000523981,19.425,73,210620-box1_pair1.csv
549,168,478.9208958,26.22962776,0.000542763,0.004508211,0.001796915,0.002282153,0.000936692,19.48333333,73,210620-box1_pair1.csv
550,336,471.6021538,25.91941666,0.000528831,0.004527222,0.001739547,0.002520811,0.000995495,23.56,73,210620-box1_pair1.csv
551,45,363.7668971,28.15044807,0.000570046,0.003957168,0.00155777,0.001297423,0.000478156,21.59,74,210704-box1_pair2.csv
552,67,405.7733784,27.08198141,0.000551285,0.003993949,0.001640823,0.001828783,0.000574402,24.495,74,210704-box1_pair2.csv
553,94,447.0450314,26.48668273,0.00055894,0.004354168,0.00164544,0.002081725,0.00061579,28.785,74,210704-box1_pair2.csv
554,125,457.899963,26.0981218,0.000547989,0.004465465,0.00160023,0.002336301,0.000701675,29.305,74,210704-box1_pair2.csv
555,168,470.1752993,25.86625315,0.000534251,0.004432386,0.001774698,0.002496409,0.000867109,30.91666667,74,210704-box1_pair2.csv
556,21,208.7552018,27.8117295,0.000550536,0.001788199,0.000984802,0.000890438,0.000186032,9.17,75,210620-box2_pair3.csv
557,33,322.1084865,26.92360951,0.000550717,0.003306582,0.000962284,0.001293281,0.000409458,13.105,75,210620-box2_pair3.csv
558,53,421.2760545,26.28121675,0.000512191,0.003973346,0.001028461,0.002077222,0.000602651,15.89,75,210620-box2_pair3.csv
559,100,495.9613433,25.60492022,0.000519186,0.004238193,0.001341795,0.002479745,0.000863846,19.425,75,210620-box2_pair3.csv
560,168,505.0189235,25.30603875,0.000566121,0.004194591,0.001574478,0.00257538,0.000900281,19.48333333,75,210620-box2_pair3.csv
561,336,509.1546214,25.06272165,0.000544381,0.003660591,0.001576005,0.003279439,0.000918005,23.56,75,210620-box2_pair3.csv
562,45,422.7058083,28.11481535,0.000830451,0.0046345,0.001222358,0.00164633,0.000192265,21.59,76,210704-box3_pair6.csv
563,67,464.1946331,27.12824281,0.000842234,0.004349898,0.001841137,0.002426401,0.000283004,24.495,76,210704-box3_pair6.csv
564,94,502.8789898,26.52097368,0.000848429,0.004437935,0.001685212,0.003504471,0.000439692,28.785,76,210704-box3_pair6.csv
565,125,504.7183314,26.16753317,0.000837768,0.004424398,0.001536772,0.003517524,0.000556006,29.305,76,210704-box3_pair6.csv
566,168,514.6324962,25.92943106,0.000874328,0.004395092,0.001588279,0.003723771,0.000754653,30.91666667,76,210704-box3_pair6.csv
567,33,328.3923883,27.03741802,0.000603233,0.002838685,0.001864102,0.001191693,0.000390631,13.105,77,210620-box3_pair6.csv
568,53,375.5687853,26.33014944,0.000586498,0.003014893,0.001797539,0.0016151,0.000530106,15.89,77,210620-box3_pair6.csv
569,100,447.4333957,25.60354787,0.000582762,0.003394341,0.001579138,0.002268502,0.000634766,19.425,77,210620-box3_pair6.csv
570,168,471.9910655,25.28353131,0.000599012,0.003382394,0.001851628,0.002551263,0.000790166,19.48333333,77,210620-box3_pair6.csv
571,336,486.6308273,24.95701592,0.000566781,0.003046789,0.002146031,0.002876951,0.000829134,23.56,77,210620-box3_pair6.csv
572,21,263.0377439,28.48047533,0.000411626,0.002403526,0.001113212,0.001081764,0.000160275,9.17,78,210620-box3_pair5.csv
573,33,365.8496496,27.47689294,0.000386649,0.002878654,0.001284782,0.002215796,0.000154072,13.105,78,210620-box3_pair5.csv
574,53,467.8266083,26.78095079,0.000391362,0.003259532,0.001662936,0.00282442,0.000298438,15.89,78,210620-box3_pair5.csv
575,100,534.1075575,26.04642702,0.000415028,0.003390832,0.00150668,0.003579337,0.000559325,19.425,78,210620-box3_pair5.csv
576,168,567.9307615,25.7291414,0.000425548,0.003443308,0.001490292,0.003899542,0.00083258,19.48333333,78,210620-box3_pair5.csv
577,336,584.8895715,25.45112689,0.000457213,0.003141206,0.001355963,0.004350845,0.000844269,23.56,78,210620-box3_pair5.csv
578,21,169.9421537,28.66685924,0.00054215,0.001511269,0.000826151,0.000772865,0.000127048,9.17,79,210620-box1_pair2.csv
579,33,251.636509,27.62312997,0.000539135,0.002194133,0.000790686,0.00154776,0.000326244,13.105,79,210620-box1_pair2.csv
580,53,288.2134024,26.83912429,0.000582214,0.002289286,0.000864918,0.001978349,0.000475073,15.89,79,210620-box1_pair2.csv
581,100,346.5237918,26.09794956,0.000524095,0.002819973,0.001049347,0.002266672,0.000847005,19.425,79,210620-box1_pair2.csv
582,168,395.3981782,25.95017911,0.000476567,0.002982974,0.001093005,0.002726579,0.001176173,19.48333333,79,210620-box1_pair2.csv
583,336,403.6375471,25.57253754,0.00040407,0.003390766,0.001191933,0.002691171,0.001109142,23.56,79,210620-box1_pair2.csv
584,29,202.8019606,28.85060455,0.000756,0.002069293,0.000775596,0.000820759,0.000101692,15.935,80,210704-box1_pair1.csv
585,45,267.6716522,27.24855576,0.000737874,0.002345687,0.000893318,0.002125369,0.000328788,21.59,80,210704-box1_pair1.csv
586,67,300.3760222,26.36824359,0.000691307,0.002357482,0.001020222,0.002704078,0.000487999,24.495,80,210704-box1_pair1.csv
587,94,310.4577149,25.886459,0.00070668,0.002334724,0.001109841,0.002463416,0.000531149,28.785,80,210704-box1_pair1.csv
588,125,324.9416454,25.53095086,0.00070635,0.002182617,0.001040916,0.002747633,0.00057769,29.305,80,210704-box1_pair1.csv
589,168,332.6189775,25.34574365,0.000714766,0.002042602,0.001012704,0.002844549,0.000741813,30.91666667,80,210704-box1_pair1.csv
590,27.5,278.9355837,25.21609473,0.00075522,0.002553992,0.000584229,0.001894215,0.00034873,42.045,81,210627-box2_pair3.csv
591,35,400.0718652,24.79626475,0.000649261,0.001948496,0.000884468,0.00308927,0.000552881,50.725,81,210627-box2_pair3.csv
592,48.5,434.9400313,24.12921921,0.000685934,0.001956141,0.001042151,0.003312622,0.000987392,51.515,81,210627-box2_pair3.csv
593,70.5,454.2332536,23.59842256,0.000641601,0.0020058,0.001054411,0.003472472,0.00112846,55.74,81,210627-box2_pair3.csv
594,120,460.3038315,23.12734577,0.00062089,0.002057562,0.001086972,0.00351282,0.001262561,60.43,81,210627-box2_pair3.csv
595,168,453.8922952,22.93561011,0.000575981,0.001836075,0.001076979,0.003432929,0.001493843,62.165,81,210627-box2_pair3.csv
596,336,478.1625835,22.71986892,0.000512463,0.001923643,0.000976201,0.003930535,0.001558785,63.585,81,210627-box2_pair3.csv
597,20.5,355.1556606,25.01380473,0.000312867,0.002606122,0.000850631,0.002045495,0.0004415,33.17,82,210627-box1_pair2.csv
598,27.5,414.988767,23.9468575,0.000383428,0.00272687,0.001057542,0.002409258,0.00082103,42.045,82,210627-box1_pair2.csv
599,35,413.3059692,23.59332308,0.000416543,0.002782702,0.001132225,0.002496852,0.000892302,50.725,82,210627-box1_pair2.csv
600,48.5,425.4179571,23.19498894,0.000414151,0.002798272,0.001136346,0.002661135,0.000836591,51.515,82,210627-box1_pair2.csv
601,70.5,418.5506603,22.88220236,0.000422522,0.002641914,0.001146748,0.002705054,0.000839219,55.74,82,210627-box1_pair2.csv
602,120,421.8028516,22.59935852,0.00044494,0.002460387,0.001265066,0.002672243,0.001212149,60.43,82,210627-box1_pair2.csv
603,168,428.9821539,22.48035375,0.000425575,0.002451746,0.001338472,0.002538496,0.001325875,62.165,82,210627-box1_pair2.csv
604,336,432.1777442,22.25219414,0.000457174,0.002398398,0.001327589,0.002476354,0.001424257,63.585,82,210627-box1_pair2.csv
605,27.5,347.5803169,25.51287326,0.000647335,0.001906349,0.000871822,0.002203004,0.00055342,42.045,83,210627-box2_pair4.csv
606,35,304.3880802,24.50382237,0.000797241,0.002687364,0.000756887,0.002023797,0.000451501,50.725,83,210627-box2_pair4.csv
607,48.5,307.0901215,23.90363088,0.000759543,0.002567972,0.000779213,0.002001618,0.000638908,51.515,83,210627-box2_pair4.csv
608,70.5,340.6239975,23.40031163,0.000721318,0.003174615,0.000867238,0.002393625,0.000806105,55.74,83,210627-box2_pair4.csv
609,120,387.7307727,23.0040391,0.000597353,0.003501385,0.001019204,0.003002027,0.000923662,60.43,83,210627-box2_pair4.csv
610,168,399.7296578,22.79524004,0.000528584,0.003057451,0.000952953,0.002944671,0.001037382,62.165,83,210627-box2_pair4.csv
611,336,394.7357287,22.59554977,0.000502171,0.00297011,0.001109169,0.002723631,0.001215383,63.585,83,210627-box2_pair4.csv
612,20.5,287.5309143,28.01210887,0.000362786,0.002100191,0.001633824,0.000685897,0.000145622,33.17,84,210627-box3_pair6.csv
613,27.5,403.3091546,25.72281444,0.000455866,0.00271609,0.001411666,0.002118482,0.000239426,42.045,84,210627-box3_pair6.csv
614,35,441.8382635,24.97512496,0.00046407,0.002722497,0.001326699,0.002683501,0.000396273,50.725,84,210627-box3_pair6.csv
615,70.5,450.6547081,23.78251508,0.000481702,0.002632526,0.00135865,0.003065235,0.000858416,55.74,84,210627-box3_pair6.csv
616,120,439.2991868,23.36816743,0.000505826,0.002547695,0.001549269,0.003088494,0.000899197,60.43,84,210627-box3_pair6.csv
617,168,444.7963595,23.14240996,0.000453181,0.002476124,0.00135679,0.003063839,0.000976772,62.165,84,210627-box3_pair6.csv
618,336,478.408431,22.94868246,0.000409393,0.002377069,0.001518906,0.003381703,0.001297664,63.585,84,210627-box3_pair6.csv
619,20.5,414.0856698,25.19383117,0.000477562,0.003413043,0.001732876,0.00179103,0.000612589,33.17,85,210627-box1_pair1.csv
620,27.5,497.2111255,24.13832161,0.000536469,0.003952131,0.001543509,0.002566185,0.000963782,42.045,85,210627-box1_pair1.csv
621,35,530.4553168,23.79242029,0.000549193,0.004221288,0.001911915,0.002912382,0.001092628,50.725,85,210627-box1_pair1.csv
622,48.5,559.8233337,23.38417544,0.000571354,0.004249277,0.001656694,0.003171371,0.001330906,51.515,85,210627-box1_pair1.csv
623,70.5,567.8555008,23.0967788,0.000538829,0.004184094,0.001950542,0.00337705,0.001329591,55.74,85,210627-box1_pair1.csv
624,120,586.383422,22.78285029,0.000551333,0.003958394,0.002709871,0.003174994,0.001476362,60.43,85,210627-box1_pair1.csv
625,168,579.8439193,22.64051572,0.00051317,0.003748838,0.002762442,0.003237227,0.001410522,62.165,85,210627-box1_pair1.csv
626,336,574.6034116,22.50626406,0.000495772,0.003594257,0.002613404,0.003243249,0.001586391,63.585,85,210627-box1_pair1.csv
627,27.5,412.7466768,24.72197355,0.000441615,0.003365489,0.00112441,0.002084243,0.000482739,42.045,86,210627-box3_pair5.csv
628,35,452.8665754,24.03682475,0.000399241,0.003293123,0.001158612,0.002715854,0.000735021,50.725,86,210627-box3_pair5.csv
629,70.5,437.9450044,22.97982636,0.000414411,0.002560301,0.00134263,0.002844932,0.000865136,55.74,86,210627-box3_pair5.csv
630,120,457.9068663,22.56581013,0.00050921,0.00238763,0.001288589,0.003271599,0.001236764,60.43,86,210627-box3_pair5.csv
631,168,449.2461742,22.37793322,0.000455527,0.002234474,0.001596951,0.003173991,0.001287765,62.165,86,210627-box3_pair5.csv
632,336,449.1292475,22.17813989,0.00046624,0.002075984,0.001608669,0.003187018,0.001507205,63.585,86,210627-box3_pair5.csv
633,28.5,181.8875103,28.01212355,0.000561358,0.001838203,0.000753738,0.000631987,0.000169207,15.91,87,210712-box2_pair3.csv
634,43,247.0001759,26.81757997,0.000563686,0.002492481,0.000893018,0.001173533,0.000273916,22.02,87,210712-box2_pair3.csv
635,55.5,286.2783177,26.34244222,0.00062537,0.002614567,0.001000974,0.001432929,0.000296848,24.38,87,210712-box2_pair3.csv
636,78,329.3236137,25.78583676,0.000584489,0.002935849,0.001259337,0.001779375,0.0004703,27.88,87,210712-box2_pair3.csv
637,168,386.1590532,25.05375044,0.000627956,0.00285451,0.001101724,0.002495218,0.000757297,31.48,87,210712-box2_pair3.csv
638,22,253.1801173,27.10833035,0.000504292,0.002559537,0.000798162,0.000925253,0.000202353,12.295,88,210712-box1_pair 1.csv
639,28.5,346.0173374,26.23561306,0.00053216,0.003002732,0.000897882,0.001543021,0.000323315,15.91,88,210712-box1_pair 1.csv
640,43,476.736049,25.27675776,0.000595394,0.003814265,0.000783339,0.002768124,0.000458589,22.02,88,210712-box1_pair 1.csv
641,55.5,525.156764,24.95231967,0.000600839,0.004029385,0.000855898,0.003229919,0.00051136,24.38,88,210712-box1_pair 1.csv
642,78,561.5326872,24.49034246,0.000606003,0.00397487,0.000959534,0.003597057,0.000631331,27.88,88,210712-box1_pair 1.csv
643,168,533.9621812,23.90982001,0.000573256,0.003013491,0.000997366,0.003901232,0.000919337,31.48,88,210712-box1_pair 1.csv
644,22,225.3608248,27.99469907,0.000513689,0.002311642,0.000763966,0.000827552,0.000162255,12.295,89,210712-box3_pair 5.csv
645,28.5,255.1118039,27.02279244,0.000539208,0.002444645,0.000835411,0.001244177,0.000312581,15.91,89,210712-box3_pair 5.csv
646,43,327.0438236,25.99312566,0.000526187,0.002914089,0.000928964,0.001551939,0.000454823,22.02,89,210712-box3_pair 5.csv
647,55.5,348.3901295,25.57525311,0.000506314,0.002939083,0.001068276,0.001758515,0.000610603,24.38,89,210712-box3_pair 5.csv
648,78,356.3467482,25.10837961,0.000533771,0.002944473,0.001013169,0.001889938,0.000804627,27.88,89,210712-box3_pair 5.csv
649,168,395.796134,24.38336083,0.000547993,0.002477471,0.00108353,0.00242494,0.000921969,31.48,89,210712-box3_pair 5.csv
650,28.5,303.1738729,27.79910963,0.000580464,0.002676293,0.001433013,0.001257543,0.000163781,15.91,90,210712-box2_pair4.csv
651,43,369.9622174,26.62213934,0.000654202,0.002623519,0.001583592,0.002018858,0.000383294,22.02,90,210712-box2_pair4.csv
652,55.5,399.4633161,26.15390423,0.000738744,0.002740904,0.001547705,0.002247561,0.000539112,24.38,90,210712-box2_pair4.csv
653,78,439.8540922,25.64125178,0.000783887,0.002848537,0.001580708,0.002715458,0.000669487,27.88,90,210712-box2_pair4.csv
654,168,475.1267009,24.85267021,0.000733983,0.002860514,0.001494375,0.003390163,0.000778858,31.48,90,210712-box2_pair4.csv
655,43,397.4862438,26.15850677,0.000640277,0.002985712,0.001223677,0.001805032,0.000345233,22.02,91,210712-box3_pair 6.csv
656,55.5,434.1571496,25.70689056,0.000660697,0.002900779,0.001315257,0.002332514,0.000398625,24.38,91,210712-box3_pair 6.csv
657,78,456.1295467,25.14961684,0.000673734,0.002891891,0.0012131,0.002689324,0.000442834,27.88,91,210712-box3_pair 6.csv
658,168,529.1427454,24.34394594,0.00064324,0.002874324,0.001365949,0.003638002,0.000628386,31.48,91,210712-box3_pair 6.csv
659,22,280.7470635,28.07618881,0.000582559,0.001954906,0.001478514,0.000974818,0.000175048,12.295,92,210712-box1_pair 2.csv
660,28.5,323.1010777,27.05904684,0.000526921,0.002007636,0.001361473,0.001900606,0.000335831,15.91,92,210712-box1_pair 2.csv
661,43,430.0512792,26.03249772,0.000514045,0.002471768,0.00103508,0.003313861,0.000675753,22.02,92,210712-box1_pair 2.csv
662,55.5,472.0259152,25.62382454,0.000539017,0.002619196,0.000936777,0.003765849,0.000811106,24.38,92,210712-box1_pair 2.csv
663,78,623.4490042,25.22319074,0.000549494,0.002918648,0.001236753,0.004826502,0.001986076,27.88,92,210712-box1_pair 2.csv
664,168,606.0737514,24.49545526,0.000523452,0.003094635,0.000959185,0.004559581,0.001471762,31.48,92,210712-box1_pair 2.csv
665,28.5,181.8875103,28.01212355,0.000561358,0.001838203,0.000753738,0.000631987,0.000169207,15.91,93,210712-box2_pair3.csv
666,43,247.0001759,26.81757997,0.000563686,0.002492481,0.000893018,0.001173533,0.000273916,22.02,93,210712-box2_pair3.csv
667,55.5,286.2783177,26.34244222,0.00062537,0.002614567,0.001000974,0.001432929,0.000296848,24.38,93,210712-box2_pair3.csv
668,78,329.3236137,25.78583676,0.000584489,0.002935849,0.001259337,0.001779375,0.0004703,27.88,93,210712-box2_pair3.csv
669,168,386.1590532,25.05375044,0.000627956,0.00285451,0.001101724,0.002495218,0.000757297,31.48,93,210712-box2_pair3.csv
670,51,421.1991569,26.42906176,0.000935244,0.005189803,0.001168425,0.001721398,0.0004664,25.145,94,210715-box1_pair1.csv
671,81,362.5613114,25.77678418,0.000921317,0.004398774,0.001153052,0.001969979,0.000606673,29.48,94,210715-box1_pair1.csv
672,120,324.5047581,25.42146151,0.000851663,0.003980598,0.00125942,0.001908641,0.000761051,31.635,94,210715-box1_pair1.csv
673,168,328.138817,25.23452231,0.000887691,0.00395151,0.001220629,0.002018606,0.000809981,31.09666667,94,210715-box1_pair1.csv
674,22,253.1801173,27.10833035,0.000504292,0.002559537,0.000798162,0.000925253,0.000202353,12.295,95,210712-box1_pair 1.csv
675,28.5,346.0173374,26.23561306,0.00053216,0.003002732,0.000897882,0.001543021,0.000323315,15.91,95,210712-box1_pair 1.csv
676,43,476.736049,25.27675776,0.000595394,0.003814265,0.000783339,0.002768124,0.000458589,22.02,95,210712-box1_pair 1.csv
677,55.5,525.156764,24.95231967,0.000600839,0.004029385,0.000855898,0.003229919,0.00051136,24.38,95,210712-box1_pair 1.csv
678,78,561.5326872,24.49034246,0.000606003,0.00397487,0.000959534,0.003597057,0.000631331,27.88,95,210712-box1_pair 1.csv
679,168,533.9621812,23.90982001,0.000573256,0.003013491,0.000997366,0.003901232,0.000919337,31.48,95,210712-box1_pair 1.csv
680,22,225.3608248,27.99469907,0.000513689,0.002311642,0.000763966,0.000827552,0.000162255,12.295,96,210712-box3_pair 5.csv
681,28.5,255.1118039,27.02279244,0.000539208,0.002444645,0.000835411,0.001244177,0.000312581,15.91,96,210712-box3_pair 5.csv
682,43,327.0438236,25.99312566,0.000526187,0.002914089,0.000928964,0.001551939,0.000454823,22.02,96,210712-box3_pair 5.csv
683,55.5,348.3901295,25.57525311,0.000506314,0.002939083,0.001068276,0.001758515,0.000610603,24.38,96,210712-box3_pair 5.csv
684,78,356.3467482,25.10837961,0.000533771,0.002944473,0.001013169,0.001889938,0.000804627,27.88,96,210712-box3_pair 5.csv
685,168,395.796134,24.38336083,0.000547993,0.002477471,0.00108353,0.00242494,0.000921969,31.48,96,210712-box3_pair 5.csv
686,28.5,303.1738729,27.79910963,0.000580464,0.002676293,0.001433013,0.001257543,0.000163781,15.91,97,210712-box2_pair4.csv
687,43,369.9622174,26.62213934,0.000654202,0.002623519,0.001583592,0.002018858,0.000383294,22.02,97,210712-box2_pair4.csv
688,55.5,399.4633161,26.15390423,0.000738744,0.002740904,0.001547705,0.002247561,0.000539112,24.38,97,210712-box2_pair4.csv
689,78,439.8540922,25.64125178,0.000783887,0.002848537,0.001580708,0.002715458,0.000669487,27.88,97,210712-box2_pair4.csv
690,168,475.1267009,24.85267021,0.000733983,0.002860514,0.001494375,0.003390163,0.000778858,31.48,97,210712-box2_pair4.csv
691,43,397.4862438,26.15850677,0.000640277,0.002985712,0.001223677,0.001805032,0.000345233,22.02,98,210712-box3_pair 6.csv
692,55.5,434.1571496,25.70689056,0.000660697,0.002900779,0.001315257,0.002332514,0.000398625,24.38,98,210712-box3_pair 6.csv
693,78,456.1295467,25.14961684,0.000673734,0.002891891,0.0012131,0.002689324,0.000442834,27.88,98,210712-box3_pair 6.csv
694,168,529.1427454,24.34394594,0.00064324,0.002874324,0.001365949,0.003638002,0.000628386,31.48,98,210712-box3_pair 6.csv
695,23,283.5850814,29.14926524,0.00045764,0.002218752,0.001057243,0.001655469,0.000650471,13.85666667,99,210715-box3_pair6.csv
696,51,349.7545727,26.07822404,0.000457236,0.002075508,0.001628493,0.002592191,0.000829267,25.145,99,210715-box3_pair6.csv
697,81,345.6221235,25.06189363,0.000464193,0.001854692,0.001686814,0.00241892,0.000819511,29.48,99,210715-box3_pair6.csv
698,120,383.6793784,24.6017815,0.000428555,0.001836466,0.00162593,0.002897001,0.001068094,31.635,99,210715-box3_pair6.csv
699,168,388.0748186,24.45396634,0.000423378,0.001810953,0.001664002,0.002999038,0.001039152,31.09666667,99,210715-box3_pair6.csv
700,23,247.4064056,25.75901963,0.000612044,0.002150763,0.000992873,0.001334442,0.000367664,13.85666667,100,210715-box1_pair2.csv
701,51,308.8499622,24.05854892,0.000633678,0.002722586,0.001394695,0.00191508,0.000741301,25.145,100,210715-box1_pair2.csv
702,81,306.4385992,23.5002356,0.000594181,0.002324631,0.001381656,0.00199564,0.001264182,29.48,100,210715-box1_pair2.csv
703,120,331.9090259,23.19357088,0.000656222,0.002244923,0.001401657,0.002331238,0.001610145,31.635,100,210715-box1_pair2.csv
704,168,343.4232343,23.05935847,0.000623956,0.002413591,0.00140078,0.002365073,0.001521683,31.09666667,100,210715-box1_pair2.csv
705,23,182.9407543,25.12364269,0.000517397,0.001985253,0.000745168,0.00099999,0.000265737,13.85666667,101,210715-box3_pair5.csv
706,51,241.113361,23.61651783,0.00051354,0.001710927,0.001108894,0.001439803,0.000477336,25.145,101,210715-box3_pair5.csv
707,81,251.9639783,23.14792769,0.000539016,0.001982695,0.001266031,0.001506679,0.000622893,29.48,101,210715-box3_pair5.csv
708,120,267.0782684,22.83923614,0.000521791,0.002020368,0.00116558,0.001859667,0.000848015,31.635,101,210715-box3_pair5.csv
709,168,269.5313999,22.72527193,0.00048196,0.002035495,0.001250667,0.00183425,0.000897317,31.09666667,101,210715-box3_pair5.csv
710,23,229.0646253,27.53492417,0.000662003,0.002186889,0.000993872,0.000953129,0.000231749,13.85666667,102,210715-box2_pair4.csv
711,51,349.9742621,25.63739928,0.000831605,0.002062222,0.001793204,0.001864427,0.000748665,25.145,102,210715-box2_pair4.csv
712,81,366.0940562,25.03504959,0.000750375,0.001774488,0.001843412,0.002249409,0.000886429,29.48,102,210715-box2_pair4.csv
713,120,371.0494033,24.68053756,0.000664517,0.001964274,0.001901112,0.002311385,0.00100825,31.635,102,210715-box2_pair4.csv
714,168,381.3032459,24.47768125,0.000605942,0.001997656,0.00184501,0.002399117,0.001073249,31.09666667,102,210715-box2_pair4.csv
715,23,215.9806655,26.07199057,0.000570921,0.002281874,0.000920592,0.00085838,0.000267297,13.85666667,103,210715-box2_pair3.csv
716,51,281.0085407,24.54239162,0.000589416,0.002315744,0.001245803,0.001820044,0.000739091,25.145,103,210715-box2_pair3.csv
717,81,283.2589385,24.10797779,0.000585782,0.002193171,0.001469967,0.00154398,0.000914373,29.48,103,210715-box2_pair3.csv
718,120,295.0774894,23.70680801,0.000597319,0.002161561,0.001683132,0.00186817,0.001034904,31.635,103,210715-box2_pair3.csv
719,168,297.2961699,23.59539653,0.000605712,0.002005577,0.001694843,0.001842124,0.000874369,31.09666667,103,210715-box2_pair3.csv
720,22,280.7470635,28.07618881,0.000582559,0.001954906,0.001478514,0.000974818,0.000175048,12.295,104,210712-box1_pair 2.csv
721,28.5,323.1010777,27.05904684,0.000526921,0.002007636,0.001361473,0.001900606,0.000335831,15.91,104,210712-box1_pair 2.csv
722,43,430.0512792,26.03249772,0.000514045,0.002471768,0.00103508,0.003313861,0.000675753,22.02,104,210712-box1_pair 2.csv
723,55.5,472.0259152,25.62382454,0.000539017,0.002619196,0.000936777,0.003765849,0.000811106,24.38,104,210712-box1_pair 2.csv
724,78,623.4490042,25.22319074,0.000549494,0.002918648,0.001236753,0.004826502,0.001986076,27.88,104,210712-box1_pair 2.csv
725,168,606.0737514,24.49545526,0.000523452,0.003094635,0.000959185,0.004559581,0.001471762,31.48,104,210712-box1_pair 2.csv
726,22,212.5466684,28.53364911,0.000517324,0.002605327,0.000814702,0.000505527,0.000106706,10.555,105,210721-box1_pair1.csv
727,33,326.673047,26.86732563,0.0005612,0.003514719,0.001163139,0.001142134,0.000285519,16.49,105,210721-box1_pair1.csv
728,49,438.4530618,25.96587616,0.000624566,0.004449423,0.001562357,0.001638591,0.000434517,20.945,105,210721-box1_pair1.csv
729,95,509.125398,25.21765089,0.000629226,0.00481275,0.001280094,0.002537829,0.000763127,26.635,105,210721-box1_pair1.csv
730,168,525.4490239,24.90353174,0.000544111,0.004691174,0.001480773,0.002727983,0.000661297,28.99333333,105,210721-box1_pair1.csv
731,22,247.0360042,30.29275393,0.000506799,0.001934819,0.001461762,0.000582475,9.96E-05,10.555,106,210721-box1_pair2.csv
732,33,322.8075947,28.34247435,0.000505017,0.00216147,0.001471708,0.002013087,0.000247656,16.49,106,210721-box1_pair2.csv
733,49,449.138501,27.23823334,0.000554758,0.002581219,0.001447596,0.003197094,0.000396859,20.945,106,210721-box1_pair2.csv
734,95,491.6449979,26.22290601,0.000501644,0.002666151,0.001069978,0.003842826,0.000734214,26.635,106,210721-box1_pair2.csv
735,168,509.0177144,25.78459724,0.000530786,0.002900772,0.001064708,0.003998471,0.000818979,28.99333333,106,210721-box1_pair2.csv
736,22,268.5281957,27.46351248,0.000501607,0.002882851,0.000879343,0.000334727,0.000235642,10.555,107,210721-box2_pair3.csv
737,33,358.8123612,26.04927508,0.000661947,0.003745999,0.001390458,0.001615637,0.000392648,16.49,107,210721-box2_pair3.csv
738,49,401.010866,25.26297799,0.000825904,0.003490015,0.001585708,0.00206889,0.000564506,20.945,107,210721-box2_pair3.csv
739,95,450.4845045,24.52254733,0.000850871,0.003463983,0.00139699,0.00248442,0.000754727,26.635,107,210721-box2_pair3.csv
740,168,444.5081384,24.28960394,0.000949289,0.003023263,0.001305006,0.002787164,0.000568485,28.99333333,107,210721-box2_pair3.csv
741,22,184.7534916,27.18957483,0.000504656,0.001723439,0.000943697,0.000552287,8.24E-05,10.555,108,210721-box2_pair4.csv
742,33,213.5888154,25.87109773,0.000448717,0.002147566,0.00099514,0.001096853,0.000364048,16.49,108,210721-box2_pair4.csv
743,49,286.0497122,25.09430517,0.000449888,0.002736814,0.001258797,0.001484769,0.00053782,20.945,108,210721-box2_pair4.csv
744,95,309.7507009,24.45626646,0.000482306,0.002620009,0.001199366,0.001794394,0.000757552,26.635,108,210721-box2_pair4.csv
745,168,301.1061397,24.21057506,0.000574459,0.002367456,0.001124571,0.001637742,0.00061772,28.99333333,108,210721-box2_pair4.csv
746,22,230.9057554,28.59780061,0.000543361,0.002685044,0.001081792,0.000645805,0.000145177,10.555,109,210721-box3_pair5.csv
747,33,336.8114189,27.11112163,0.000553075,0.00265193,0.001384344,0.001982379,0.000628804,16.49,109,210721-box3_pair5.csv
748,49,423.6474603,26.26775225,0.000562958,0.003248518,0.001621649,0.002510783,0.000937233,20.945,109,210721-box3_pair5.csv
749,95,439.3036907,25.46526855,0.000616454,0.003014792,0.001627857,0.002926287,0.001146299,26.635,109,210721-box3_pair5.csv
750,168,460.8997054,25.16544576,0.000727492,0.003426348,0.001415181,0.003341523,0.001098022,28.99333333,109,210721-box3_pair5.csv
751,22,295.3591316,29.29017059,0.000491268,0.002727914,0.001797183,0.000564426,0.000171289,10.555,110,210721-box3_pair6.csv
752,33,372.2777762,27.55108826,0.000502976,0.003211906,0.002133126,0.001923264,0.0004576,16.49,110,210721-box3_pair6.csv
753,49,457.1618561,26.56506355,0.000591774,0.003307967,0.002053931,0.002746793,0.00052148,20.945,110,210721-box3_pair6.csv
754,95,508.5672189,25.61588115,0.000658595,0.002664996,0.002030875,0.003628588,0.000718808,26.635,110,210721-box3_pair6.csv
755,168,537.7109826,25.23094951,0.000660234,0.002640329,0.001990344,0.004343627,0.000766404,28.99333333,110,210721-box3_pair6.csv
756,15.5,343.1586939,26.48811282,0.000708115,0.003644509,0.001405386,0.001161113,0.000290445,18.435,111,210815-box1_pair1.csv
757,24,431.0133265,24.89537564,0.000677547,0.004239153,0.001413277,0.002059461,0.000535594,28.48,111,210815-box1_pair1.csv
758,40.5,480.142157,24.04911329,0.000686056,0.003982525,0.001627374,0.002633898,0.000695668,38.725,111,210815-box1_pair1.csv
759,48,480.3702034,23.87747584,0.000672058,0.003816505,0.001643643,0.002876222,0.000796363,40.665,111,210815-box1_pair1.csv
760,66,492.1837014,23.59219423,0.000674999,0.003818471,0.001671048,0.002906537,0.000996175,44.885,111,210815-box1_pair1.csv
761,113,485.4151386,23.38063904,0.00069669,0.003730837,0.001681397,0.002989572,0.001055945,46.01,111,210815-box1_pair1.csv
762,168,472.3442537,23.27316981,0.000690844,0.003582517,0.001684564,0.002762762,0.001085271,49.035,111,210815-box1_pair1.csv
763,15.5,154.8709951,30.53192183,0.000506147,0.001570181,0.000632977,0.001061597,0.000343753,18.435,112,210815-box1_pair2.csv
764,24,232.7086347,28.74296277,0.000494472,0.001832321,0.001330779,0.0015259,0.000731277,28.48,112,210815-box1_pair2.csv
765,40.5,252.5095264,27.86586571,0.00048046,0.001992609,0.001432138,0.00143832,0.001148726,38.725,112,210815-box1_pair2.csv
766,48,246.8702823,27.65019525,0.000478452,0.002004059,0.001440058,0.001293262,0.001164169,40.665,112,210815-box1_pair2.csv
767,66,262.5651916,27.36019674,0.000454332,0.001947526,0.001530457,0.001254207,0.001328641,44.885,112,210815-box1_pair2.csv
768,113,276.3888596,27.0943643,0.000461825,0.002002868,0.001660703,0.001291179,0.001533212,46.01,112,210815-box1_pair2.csv
769,168,278.1211574,26.92140225,0.00045698,0.001867755,0.00160301,0.001435099,0.001572859,49.035,112,210815-box1_pair2.csv
770,15.5,267.711673,26.75624689,0.000588055,0.002411771,0.001384632,0.001131834,0.000381393,18.435,113,210815-box2_pair3.csv
771,24,356.3903347,25.19086311,0.000646224,0.002868116,0.001565858,0.001969779,0.000857057,28.48,113,210815-box2_pair3.csv
772,40.5,377.3234671,24.38080721,0.000646285,0.002837516,0.001534144,0.001927986,0.001184155,38.725,113,210815-box2_pair3.csv
773,48,390.5886487,24.17730773,0.000656751,0.002755358,0.001521034,0.002078991,0.001233777,40.665,113,210815-box2_pair3.csv
774,66,404.3646177,23.9112545,0.000672908,0.002854354,0.00146725,0.002123205,0.001345322,44.885,113,210815-box2_pair3.csv
775,113,414.1423174,23.69297698,0.000681313,0.002947328,0.001343954,0.002201888,0.001511057,46.01,113,210815-box2_pair3.csv
776,168,412.5768565,23.58620624,0.000672087,0.00273843,0.001325929,0.002223947,0.001569858,49.035,113,210815-box2_pair3.csv
777,15.5,220.2282132,26.20153462,0.000773657,0.00202336,0.000905524,0.001030227,0.000204257,18.435,114,210815-box2_pair4.csv
778,24,328.2413715,24.76781695,0.000913272,0.003003808,0.001209269,0.002036512,0.000423514,28.48,114,210815-box2_pair4.csv
779,40.5,391.6942966,24.00948228,0.000855075,0.003348713,0.001470857,0.002575105,0.000661653,38.725,114,210815-box2_pair4.csv
780,48,391.6727343,23.80637439,0.000868165,0.003299347,0.001413684,0.002530579,0.000731369,40.665,114,210815-box2_pair4.csv
781,66,405.6980333,23.58916706,0.000840013,0.003381584,0.001463315,0.00235208,0.00080023,44.885,114,210815-box2_pair4.csv
782,113,418.8778165,23.36252066,0.000841858,0.003304193,0.001477739,0.002391312,0.00086749,46.01,114,210815-box2_pair4.csv
783,168,423.7325968,23.26165269,0.000879759,0.003254803,0.001484819,0.002417527,0.000900801,49.035,114,210815-box2_pair4.csv
784,15.5,241.6181072,26.85503804,0.000678344,0.002070326,0.00140888,0.001234027,0.000367917,18.435,115,210815-box3_pair5.csv
785,24,388.280476,25.40720046,0.00080491,0.002482616,0.001414281,0.00263446,0.000798327,28.48,115,210815-box3_pair5.csv
786,40.5,472.8680083,24.56803604,0.000926719,0.003005658,0.00157826,0.003324282,0.001399023,38.725,115,210815-box3_pair5.csv
787,48,489.0478215,24.38726693,0.000933533,0.003011676,0.001640252,0.003512366,0.001428752,40.665,115,210815-box3_pair5.csv
788,66,494.9666233,24.13205861,0.000964025,0.003019154,0.001527789,0.003698112,0.001393445,44.885,115,210815-box3_pair5.csv
789,113,501.6030548,23.89583192,0.001001653,0.003133547,0.001343618,0.003635264,0.001355244,46.01,115,210815-box3_pair5.csv
790,168,497.3007519,23.78827303,0.000982938,0.003068194,0.001234117,0.003442215,0.001375836,49.035,115,210815-box3_pair5.csv
791,15.5,238.643841,26.8730348,0.000746972,0.002369706,0.001033253,0.001530485,0.00036526,18.435,116,210815-box3_pair6.csv
792,24,382.3629281,25.3662624,0.000847554,0.00417943,0.001324211,0.002294585,0.001030291,28.48,116,210815-box3_pair6.csv
793,40.5,409.345791,24.57491986,0.00093819,0.004475792,0.001660236,0.00272757,0.00150419,38.725,116,210815-box3_pair6.csv
794,48,416.764622,24.35431664,0.000943609,0.004544454,0.001755556,0.002735286,0.001536711,40.665,116,210815-box3_pair6.csv
795,66,419.7991996,24.10469098,0.000948758,0.004570862,0.001659683,0.002377643,0.001498799,44.885,116,210815-box3_pair6.csv
796,113,423.1711437,23.88928246,0.000957417,0.004336828,0.001543168,0.002630557,0.001572347,46.01,116,210815-box3_pair6.csv
797,168,405.9057541,23.77665514,0.000953525,0.003991048,0.001666699,0.002707246,0.001533573,49.035,116,210815-box3_pair6.csv
